url,Complete Description,Description 1,Description 2,Colour,Ratings,Ratings 1,Ratings 2,Reviews,Reviews 2,Pixels,Pixels 2,Optical Zoom 1,Optical Zoom 2,Sensor Type/Shutter Speed,Sensor type /Shutter Speed,Warranty 1,Warranty2
https://www.flipkart.com/cameras/pr?filterNone=true&sid=jek%2Cp31&p%5B%5D=facets.brand%255B%255D%3DCanon&otracker=CLP_MetroExpandable,Add to Compare\nCanon EOS 700D with (EF S18 - 55 mm IS II and EF S55 - 250 mm IS II) DSLR Camera\nBlack\n4.4★\n4.4\n★\n1622 Ratings\n381 Reviews\n5\n★\n1121\n4\n★\n309\n3\n★\n71\n2\n★\n31\n1\n★\n90\n1622 Ratings & 381 Reviews\nEffective Pixels: 18 MP\nOptical Zoom: 3\nSensor Type: CMOS | LCD Size: 3 inch\nMax Shutter Speed: 1/4000\nAuto Focus\n2 Years Canon India Warranty\n₹35499,https://www.flipkart.com/canon-eos-700d-ef-s18-55-mm-ii-ef-s55-250-ii-dslr-camera/p/itme6fwcz9evqnxr?pid=CAME6FWA7RHNXGPF&srno=b_1_1&otracker=CLP_MetroExpandable&lid=LSTCAME6FWA7RHNXGPFVAY7SP,Canon EOS 700D with (EF S18 - 55 mm IS II and EF S55 - 250 mm IS II) DSLR Camera,https://www.flipkart.com/canon-eos-700d-ef-s18-55-mm-ii-ef-s55-250-ii-dslr-camera/p/itme6fwcz9evqnxr?pid=CAME6FWA7RHNXGPF&srno=b_1_1&otracker=CLP_MetroExpandable&lid=LSTCAME6FWA7RHNXGPFVAY7SP,https://www.flipkart.com/canon-eos-700d-ef-s18-55-mm-ii-ef-s55-250-ii-dslr-camera/p/itme6fwcz9evqnxr?pid=CAME6FWA7RHNXGPF&srno=b_1_1&otracker=CLP_MetroExpandable&lid=LSTCAME6FWA7RHNXGPFVAY7SP,https://www.flipkart.com/canon-eos-700d-ef-s18-55-mm-ii-ef-s55-250-ii-dslr-camera/p/itme6fwcz9evqnxr?pid=CAME6FWA7RHNXGPF&srno=b_1_1&otracker=CLP_MetroExpandable&lid=LSTCAME6FWA7RHNXGPFVAY7SP,1622 Ratings,https://www.flipkart.com/canon-eos-700d-ef-s18-55-mm-ii-ef-s55-250-ii-dslr-camera/p/itme6fwcz9evqnxr?pid=CAME6FWA7RHNXGPF&srno=b_1_1&otracker=CLP_MetroExpandable&lid=LSTCAME6FWA7RHNXGPFVAY7SP,381 Reviews,https://www.flipkart.com/canon-eos-700d-ef-s18-55-mm-ii-ef-s55-250-ii-dslr-camera/p/itme6fwcz9evqnxr?pid=CAME6FWA7RHNXGPF&srno=b_1_1&otracker=CLP_MetroExpandable&lid=LSTCAME6FWA7RHNXGPFVAY7SP,Effective Pixels: 18 MP,https://www.flipkart.com/canon-eos-700d-ef-s18-55-mm-ii-ef-s55-250-ii-dslr-camera/p/itme6fwcz9evqnxr?pid=CAME6FWA7RHNXGPF&srno=b_1_1&otracker=CLP_MetroExpandable&lid=LSTCAME6FWA7RHNXGPFVAY7SP,Optical Zoom: 3,https://www.flipkart.com/canon-eos-700d-ef-s18-55-mm-ii-ef-s55-250-ii-dslr-camera/p/itme6fwcz9evqnxr?pid=CAME6FWA7RHNXGPF&srno=b_1_1&otracker=CLP_MetroExpandable&lid=LSTCAME6FWA7RHNXGPFVAY7SP,Sensor Type: CMOS | LCD Size: 3 inch,https://www.flipkart.com/canon-eos-700d-ef-s18-55-mm-ii-ef-s55-250-ii-dslr-camera/p/itme6fwcz9evqnxr?pid=CAME6FWA7RHNXGPF&srno=b_1_1&otracker=CLP_MetroExpandable&lid=LSTCAME6FWA7RHNXGPFVAY7SP,Auto Focus
https://www.flipkart.com/cameras/pr?filterNone=true&sid=jek%2Cp31&p%5B%5D=facets.brand%255B%255D%3DCanon&otracker=CLP_MetroExpandable,Add to Compare\nCanon EOS 1300D Kit (EF-S 18 - 55 IS II) DSLR Camera\nBlack\n4.3★\n4.3\n★\n1388 Ratings\n372 Reviews\n5\n★\n863\n4\n★\n314\n3\n★\n76\n2\n★\n32\n1\n★\n103\n1388 Ratings & 372 Reviews\nEffective Pixels: 18 MP\nSensor Type: CMOS | LCD Size: 3 inch\nMax Shutter Speed: 1/4000\nAuto Focus\n2 Years Canon India Warranty\n₹21499,https://www.flipkart.com/canon-eos-1300d-kit-ef-s-18-55-ii-dslr-camera/p/itmegt8fab5fsvx8?pid=CAMEGT8FR9ZXZVYM&srno=b_1_2&otracker=CLP_MetroExpandable&lid=LSTCAMEGT8FR9ZXZVYMDKYD5B,Canon EOS 1300D Kit (EF-S 18 - 55 IS II) DSLR Camera,https://www.flipkart.com/canon-eos-1300d-kit-ef-s-18-55-ii-dslr-camera/p/itmegt8fab5fsvx8?pid=CAMEGT8FR9ZXZVYM&srno=b_1_2&otracker=CLP_MetroExpandable&lid=LSTCAMEGT8FR9ZXZVYMDKYD5B,https://www.flipkart.com/canon-eos-1300d-kit-ef-s-18-55-ii-dslr-camera/p/itmegt8fab5fsvx8?pid=CAMEGT8FR9ZXZVYM&srno=b_1_2&otracker=CLP_MetroExpandable&lid=LSTCAMEGT8FR9ZXZVYMDKYD5B,https://www.flipkart.com/canon-eos-1300d-kit-ef-s-18-55-ii-dslr-camera/p/itmegt8fab5fsvx8?pid=CAMEGT8FR9ZXZVYM&srno=b_1_2&otracker=CLP_MetroExpandable&lid=LSTCAMEGT8FR9ZXZVYMDKYD5B,1388 Ratings,https://www.flipkart.com/canon-eos-1300d-kit-ef-s-18-55-ii-dslr-camera/p/itmegt8fab5fsvx8?pid=CAMEGT8FR9ZXZVYM&srno=b_1_2&otracker=CLP_MetroExpandable&lid=LSTCAMEGT8FR9ZXZVYMDKYD5B,372 Reviews,https://www.flipkart.com/canon-eos-1300d-kit-ef-s-18-55-ii-dslr-camera/p/itmegt8fab5fsvx8?pid=CAMEGT8FR9ZXZVYM&srno=b_1_2&otracker=CLP_MetroExpandable&lid=LSTCAMEGT8FR9ZXZVYMDKYD5B,Effective Pixels: 18 MP,https://www.flipkart.com/canon-eos-1300d-kit-ef-s-18-55-ii-dslr-camera/p/itmegt8fab5fsvx8?pid=CAMEGT8FR9ZXZVYM&srno=b_1_2&otracker=CLP_MetroExpandable&lid=LSTCAMEGT8FR9ZXZVYMDKYD5B,Sensor Type: CMOS | LCD Size: 3 inch,https://www.flipkart.com/canon-eos-1300d-kit-ef-s-18-55-ii-dslr-camera/p/itmegt8fab5fsvx8?pid=CAMEGT8FR9ZXZVYM&srno=b_1_2&otracker=CLP_MetroExpandable&lid=LSTCAMEGT8FR9ZXZVYMDKYD5B,Max Shutter Speed: 1/4000,https://www.flipkart.com/canon-eos-1300d-kit-ef-s-18-55-ii-dslr-camera/p/itmegt8fab5fsvx8?pid=CAMEGT8FR9ZXZVYM&srno=b_1_2&otracker=CLP_MetroExpandable&lid=LSTCAMEGT8FR9ZXZVYMDKYD5B,2 Years Canon India Warranty
https://www.flipkart.com/cameras/pr?filterNone=true&sid=jek%2Cp31&p%5B%5D=facets.brand%255B%255D%3DCanon&otracker=CLP_MetroExpandable,Add to Compare\nCanon EOS 1200D (Kit with 8 GB Card & Bag EF S18-55 IS II+55-250mm IS II) DSLR Camera\nBlack\n4.4★\n4.4\n★\n4133 Ratings\n866 Reviews\n5\n★\n2758\n4\n★\n916\n3\n★\n181\n2\n★\n80\n1\n★\n198\n4133 Ratings & 866 Reviews\nEffective Pixels: 18 MP\nOptical Zoom: 3\nSensor Type: CMOS | LCD Size: 3 inch\nMax Shutter Speed: 1/4000\nAuto Focus\n2 Years Canon India Warranty\n₹26499,https://www.flipkart.com/canon-eos-1200d-kit-8-gb-card-bag-ef-s18-55-ii-55-250mm-ii-dslr-camera/p/itmdugsshxq9fdhm?pid=CAMDUGSSHXQ9FDHM&srno=b_1_3&otracker=CLP_MetroExpandable&lid=LSTCAMDUGSSHXQ9FDHMWEPL0W,Canon EOS 1200D (Kit with 8 GB Card & Bag EF S18-55 IS II+55-250mm IS II) DSLR Camera,https://www.flipkart.com/canon-eos-1200d-kit-8-gb-card-bag-ef-s18-55-ii-55-250mm-ii-dslr-camera/p/itmdugsshxq9fdhm?pid=CAMDUGSSHXQ9FDHM&srno=b_1_3&otracker=CLP_MetroExpandable&lid=LSTCAMDUGSSHXQ9FDHMWEPL0W,https://www.flipkart.com/canon-eos-1200d-kit-8-gb-card-bag-ef-s18-55-ii-55-250mm-ii-dslr-camera/p/itmdugsshxq9fdhm?pid=CAMDUGSSHXQ9FDHM&srno=b_1_3&otracker=CLP_MetroExpandable&lid=LSTCAMDUGSSHXQ9FDHMWEPL0W,https://www.flipkart.com/canon-eos-1200d-kit-8-gb-card-bag-ef-s18-55-ii-55-250mm-ii-dslr-camera/p/itmdugsshxq9fdhm?pid=CAMDUGSSHXQ9FDHM&srno=b_1_3&otracker=CLP_MetroExpandable&lid=LSTCAMDUGSSHXQ9FDHMWEPL0W,4133 Ratings,https://www.flipkart.com/canon-eos-1200d-kit-8-gb-card-bag-ef-s18-55-ii-55-250mm-ii-dslr-camera/p/itmdugsshxq9fdhm?pid=CAMDUGSSHXQ9FDHM&srno=b_1_3&otracker=CLP_MetroExpandable&lid=LSTCAMDUGSSHXQ9FDHMWEPL0W,866 Reviews,https://www.flipkart.com/canon-eos-1200d-kit-8-gb-card-bag-ef-s18-55-ii-55-250mm-ii-dslr-camera/p/itmdugsshxq9fdhm?pid=CAMDUGSSHXQ9FDHM&srno=b_1_3&otracker=CLP_MetroExpandable&lid=LSTCAMDUGSSHXQ9FDHMWEPL0W,Effective Pixels: 18 MP,https://www.flipkart.com/canon-eos-1200d-kit-8-gb-card-bag-ef-s18-55-ii-55-250mm-ii-dslr-camera/p/itmdugsshxq9fdhm?pid=CAMDUGSSHXQ9FDHM&srno=b_1_3&otracker=CLP_MetroExpandable&lid=LSTCAMDUGSSHXQ9FDHMWEPL0W,Optical Zoom: 3,https://www.flipkart.com/canon-eos-1200d-kit-8-gb-card-bag-ef-s18-55-ii-55-250mm-ii-dslr-camera/p/itmdugsshxq9fdhm?pid=CAMDUGSSHXQ9FDHM&srno=b_1_3&otracker=CLP_MetroExpandable&lid=LSTCAMDUGSSHXQ9FDHMWEPL0W,Sensor Type: CMOS | LCD Size: 3 inch,https://www.flipkart.com/canon-eos-1200d-kit-8-gb-card-bag-ef-s18-55-ii-55-250mm-ii-dslr-camera/p/itmdugsshxq9fdhm?pid=CAMDUGSSHXQ9FDHM&srno=b_1_3&otracker=CLP_MetroExpandable&lid=LSTCAMDUGSSHXQ9FDHMWEPL0W,Auto Focus
https://www.flipkart.com/cameras/pr?filterNone=true&sid=jek%2Cp31&p%5B%5D=facets.brand%255B%255D%3DCanon&otracker=CLP_MetroExpandable,Add to Compare\nCanon EOS 1300D EF-S 18 - 55 mm IS II + EF-S 55 - 250 mm F4 5.6 IS II DSLR Camera\nBlack\n4.3★\n4.3\n★\n1388 Ratings\n372 Reviews\n5\n★\n863\n4\n★\n314\n3\n★\n76\n2\n★\n32\n1\n★\n103\n1388 Ratings & 372 Reviews\nEffective Pixels: 18 MP\nSensor Type: CMOS | LCD Size: 3 inch\nMax Shutter Speed: 1/4000\nAuto Focus\n2 Years Canon India Warranty\n₹28499,https://www.flipkart.com/canon-eos-1300d-ef-s-18-55-mm-ii-250-f4-5-6-dslr-camera/p/itmehc5jwagwe7ep?pid=CAMEHC5JY6E4HJSU&srno=b_1_4&otracker=CLP_MetroExpandable&lid=LSTCAMEHC5JY6E4HJSUQRW4JE,Canon EOS 1300D EF-S 18 - 55 mm IS II + EF-S 55 - 250 mm F4 5.6 IS II DSLR Camera,https://www.flipkart.com/canon-eos-1300d-ef-s-18-55-mm-ii-250-f4-5-6-dslr-camera/p/itmehc5jwagwe7ep?pid=CAMEHC5JY6E4HJSU&srno=b_1_4&otracker=CLP_MetroExpandable&lid=LSTCAMEHC5JY6E4HJSUQRW4JE,https://www.flipkart.com/canon-eos-1300d-ef-s-18-55-mm-ii-250-f4-5-6-dslr-camera/p/itmehc5jwagwe7ep?pid=CAMEHC5JY6E4HJSU&srno=b_1_4&otracker=CLP_MetroExpandable&lid=LSTCAMEHC5JY6E4HJSUQRW4JE,https://www.flipkart.com/canon-eos-1300d-ef-s-18-55-mm-ii-250-f4-5-6-dslr-camera/p/itmehc5jwagwe7ep?pid=CAMEHC5JY6E4HJSU&srno=b_1_4&otracker=CLP_MetroExpandable&lid=LSTCAMEHC5JY6E4HJSUQRW4JE,1388 Ratings,https://www.flipkart.com/canon-eos-1300d-ef-s-18-55-mm-ii-250-f4-5-6-dslr-camera/p/itmehc5jwagwe7ep?pid=CAMEHC5JY6E4HJSU&srno=b_1_4&otracker=CLP_MetroExpandable&lid=LSTCAMEHC5JY6E4HJSUQRW4JE,372 Reviews,https://www.flipkart.com/canon-eos-1300d-ef-s-18-55-mm-ii-250-f4-5-6-dslr-camera/p/itmehc5jwagwe7ep?pid=CAMEHC5JY6E4HJSU&srno=b_1_4&otracker=CLP_MetroExpandable&lid=LSTCAMEHC5JY6E4HJSUQRW4JE,Effective Pixels: 18 MP,https://www.flipkart.com/canon-eos-1300d-ef-s-18-55-mm-ii-250-f4-5-6-dslr-camera/p/itmehc5jwagwe7ep?pid=CAMEHC5JY6E4HJSU&srno=b_1_4&otracker=CLP_MetroExpandable&lid=LSTCAMEHC5JY6E4HJSUQRW4JE,Sensor Type: CMOS | LCD Size: 3 inch,https://www.flipkart.com/canon-eos-1300d-ef-s-18-55-mm-ii-250-f4-5-6-dslr-camera/p/itmehc5jwagwe7ep?pid=CAMEHC5JY6E4HJSU&srno=b_1_4&otracker=CLP_MetroExpandable&lid=LSTCAMEHC5JY6E4HJSUQRW4JE,Max Shutter Speed: 1/4000,https://www.flipkart.com/canon-eos-1300d-ef-s-18-55-mm-ii-250-f4-5-6-dslr-camera/p/itmehc5jwagwe7ep?pid=CAMEHC5JY6E4HJSU&srno=b_1_4&otracker=CLP_MetroExpandable&lid=LSTCAMEHC5JY6E4HJSUQRW4JE,2 Years Canon India Warranty
https://www.flipkart.com/cameras/pr?filterNone=true&sid=jek%2Cp31&p%5B%5D=facets.brand%255B%255D%3DCanon&otracker=CLP_MetroExpandable,Add to Compare\nCanon IXUS 180 Point & Shoot Camera\nRed\n3.5★\n3.5\n★\n34 Ratings\n3 Reviews\n5\n★\n11\n4\n★\n10\n3\n★\n5\n2\n★\n1\n1\n★\n7\n34 Ratings & 3 Reviews\nEffective Pixels: 20 MP\nOptical Zoom: 10x\nLCD Size: 2.7 inch\nMax Shutter Speed: 1/2000\nAuto Focus\n2 Years Canon India Warranty\n₹7595,Canon IXUS 180 Point & Shoot Camera,https://www.flipkart.com/canon-ixus-180-point-shoot-camera/p/itmeeztetfejhgtv?pid=CAMEEZTDWY8VVXFG&srno=b_1_5&otracker=CLP_MetroExpandable&lid=LSTCAMEEZTDWY8VVXFGAKKODY,Red,3.5,34 Ratings,https://www.flipkart.com/canon-ixus-180-point-shoot-camera/p/itmeeztetfejhgtv?pid=CAMEEZTDWY8VVXFG&srno=b_1_5&otracker=CLP_MetroExpandable&lid=LSTCAMEEZTDWY8VVXFGAKKODY,3 Reviews,https://www.flipkart.com/canon-ixus-180-point-shoot-camera/p/itmeeztetfejhgtv?pid=CAMEEZTDWY8VVXFG&srno=b_1_5&otracker=CLP_MetroExpandable&lid=LSTCAMEEZTDWY8VVXFGAKKODY,Effective Pixels: 20 MP,https://www.flipkart.com/canon-ixus-180-point-shoot-camera/p/itmeeztetfejhgtv?pid=CAMEEZTDWY8VVXFG&srno=b_1_5&otracker=CLP_MetroExpandable&lid=LSTCAMEEZTDWY8VVXFGAKKODY,Optical Zoom: 10x,https://www.flipkart.com/canon-ixus-180-point-shoot-camera/p/itmeeztetfejhgtv?pid=CAMEEZTDWY8VVXFG&srno=b_1_5&otracker=CLP_MetroExpandable&lid=LSTCAMEEZTDWY8VVXFGAKKODY,LCD Size: 2.7 inch,https://www.flipkart.com/canon-ixus-180-point-shoot-camera/p/itmeeztetfejhgtv?pid=CAMEEZTDWY8VVXFG&srno=b_1_5&otracker=CLP_MetroExpandable&lid=LSTCAMEEZTDWY8VVXFGAKKODY,Auto Focus,https://www.flipkart.com/canon-ixus-180-point-shoot-camera/p/itmeeztetfejhgtv?pid=CAMEEZTDWY8VVXFG&srno=b_1_5&otracker=CLP_MetroExpandable&lid=LSTCAMEEZTDWY8VVXFGAKKODY
https://www.flipkart.com/cameras/pr?filterNone=true&sid=jek%2Cp31&p%5B%5D=facets.brand%255B%255D%3DCanon&otracker=CLP_MetroExpandable,Add to Compare\nCanon PowerShot SX600 HS Point & Shoot Camera\nRed\n4.2★\n4.2\n★\n64 Ratings\n9 Reviews\n5\n★\n34\n4\n★\n18\n3\n★\n7\n2\n★\n2\n1\n★\n3\n64 Ratings & 9 Reviews\nEffective Pixels: 16 MP\nOptical Zoom: 18\nLCD Size: 3 inch\nMax Shutter Speed: 1/2000\nAuto Focus\n2 Years Canon India Warranty and Free Transit Insurance\n₹11999,Canon PowerShot SX600 HS Point & Shoot Camera,https://www.flipkart.com/canon-powershot-sx600-hs-point-shoot-camera/p/itmdvyxgmn3jkccj?pid=CAMDWDZ6GPWXTHSP&srno=b_1_6&otracker=CLP_MetroExpandable&lid=LSTCAMDWDZ6GPWXTHSPHPJ4XW,Red,4.2,64 Ratings,https://www.flipkart.com/canon-powershot-sx600-hs-point-shoot-camera/p/itmdvyxgmn3jkccj?pid=CAMDWDZ6GPWXTHSP&srno=b_1_6&otracker=CLP_MetroExpandable&lid=LSTCAMDWDZ6GPWXTHSPHPJ4XW,9 Reviews,https://www.flipkart.com/canon-powershot-sx600-hs-point-shoot-camera/p/itmdvyxgmn3jkccj?pid=CAMDWDZ6GPWXTHSP&srno=b_1_6&otracker=CLP_MetroExpandable&lid=LSTCAMDWDZ6GPWXTHSPHPJ4XW,Effective Pixels: 16 MP,https://www.flipkart.com/canon-powershot-sx600-hs-point-shoot-camera/p/itmdvyxgmn3jkccj?pid=CAMDWDZ6GPWXTHSP&srno=b_1_6&otracker=CLP_MetroExpandable&lid=LSTCAMDWDZ6GPWXTHSPHPJ4XW,Optical Zoom: 18,https://www.flipkart.com/canon-powershot-sx600-hs-point-shoot-camera/p/itmdvyxgmn3jkccj?pid=CAMDWDZ6GPWXTHSP&srno=b_1_6&otracker=CLP_MetroExpandable&lid=LSTCAMDWDZ6GPWXTHSPHPJ4XW,LCD Size: 3 inch,https://www.flipkart.com/canon-powershot-sx600-hs-point-shoot-camera/p/itmdvyxgmn3jkccj?pid=CAMDWDZ6GPWXTHSP&srno=b_1_6&otracker=CLP_MetroExpandable&lid=LSTCAMDWDZ6GPWXTHSPHPJ4XW,Auto Focus,https://www.flipkart.com/canon-powershot-sx600-hs-point-shoot-camera/p/itmdvyxgmn3jkccj?pid=CAMDWDZ6GPWXTHSP&srno=b_1_6&otracker=CLP_MetroExpandable&lid=LSTCAMDWDZ6GPWXTHSPHPJ4XW
https://www.flipkart.com/cameras/pr?filterNone=true&sid=jek%2Cp31&p%5B%5D=facets.brand%255B%255D%3DCanon&otracker=CLP_MetroExpandable,Add to Compare\nCanon PowerShot SX540 HS Point & Shoot Camera\nBlack\n3.9★\n3.9\n★\n14 Ratings\n5 Reviews\n5\n★\n6\n4\n★\n5\n3\n★\n0\n2\n★\n1\n1\n★\n2\n14 Ratings & 5 Reviews\nEffective Pixels: 20.3 MP\nOptical Zoom: 50x\nSensor Type: CMOS | LCD Size: 3 inch\nMax Shutter Speed: 1/2000\nAuto Focus\n2 Years Canon India Warranty\n₹22450,https://www.flipkart.com/canon-powershot-sx540-hs-point-shoot-camera/p/itmehc92f6dgremf?pid=CAMEHC92KYPRWVPM&srno=b_1_7&otracker=CLP_MetroExpandable&lid=LSTCAMEHC92KYPRWVPMU6IB5W,Canon PowerShot SX540 HS Point & Shoot Camera,https://www.flipkart.com/canon-powershot-sx540-hs-point-shoot-camera/p/itmehc92f6dgremf?pid=CAMEHC92KYPRWVPM&srno=b_1_7&otracker=CLP_MetroExpandable&lid=LSTCAMEHC92KYPRWVPMU6IB5W,https://www.flipkart.com/canon-powershot-sx540-hs-point-shoot-camera/p/itmehc92f6dgremf?pid=CAMEHC92KYPRWVPM&srno=b_1_7&otracker=CLP_MetroExpandable&lid=LSTCAMEHC92KYPRWVPMU6IB5W,https://www.flipkart.com/canon-powershot-sx540-hs-point-shoot-camera/p/itmehc92f6dgremf?pid=CAMEHC92KYPRWVPM&srno=b_1_7&otracker=CLP_MetroExpandable&lid=LSTCAMEHC92KYPRWVPMU6IB5W,14 Ratings,https://www.flipkart.com/canon-powershot-sx540-hs-point-shoot-camera/p/itmehc92f6dgremf?pid=CAMEHC92KYPRWVPM&srno=b_1_7&otracker=CLP_MetroExpandable&lid=LSTCAMEHC92KYPRWVPMU6IB5W,5 Reviews,https://www.flipkart.com/canon-powershot-sx540-hs-point-shoot-camera/p/itmehc92f6dgremf?pid=CAMEHC92KYPRWVPM&srno=b_1_7&otracker=CLP_MetroExpandable&lid=LSTCAMEHC92KYPRWVPMU6IB5W,Effective Pixels: 20.3 MP,https://www.flipkart.com/canon-powershot-sx540-hs-point-shoot-camera/p/itmehc92f6dgremf?pid=CAMEHC92KYPRWVPM&srno=b_1_7&otracker=CLP_MetroExpandable&lid=LSTCAMEHC92KYPRWVPMU6IB5W,Optical Zoom: 50x,https://www.flipkart.com/canon-powershot-sx540-hs-point-shoot-camera/p/itmehc92f6dgremf?pid=CAMEHC92KYPRWVPM&srno=b_1_7&otracker=CLP_MetroExpandable&lid=LSTCAMEHC92KYPRWVPMU6IB5W,Sensor Type: CMOS | LCD Size: 3 inch,https://www.flipkart.com/canon-powershot-sx540-hs-point-shoot-camera/p/itmehc92f6dgremf?pid=CAMEHC92KYPRWVPM&srno=b_1_7&otracker=CLP_MetroExpandable&lid=LSTCAMEHC92KYPRWVPMU6IB5W,Auto Focus
https://www.flipkart.com/cameras/pr?filterNone=true&sid=jek%2Cp31&p%5B%5D=facets.brand%255B%255D%3DCanon&otracker=CLP_MetroExpandable,Add to Compare\nCanon EOS 70D (Body with EF-S 18-55 mm IS STM Lens) DSLR Camera\nBlack\n4.4★\n4.4\n★\n79 Ratings\n21 Reviews\n5\n★\n61\n4\n★\n7\n3\n★\n3\n2\n★\n1\n1\n★\n7\n79 Ratings & 21 Reviews\nEffective Pixels: 20.2 MP\nSensor Type: CMOS | LCD Size: 3 inch\nMax Shutter Speed: 1/8000\nAuto Focus\n2 Years Canon India Warranty and Free Transit Insurance\n₹60995,Canon EOS 70D (Body with EF-S 18-55 mm IS STM Lens) DSLR Camera,https://www.flipkart.com/canon-eos-70d-body-ef-s-18-55-mm-stm-lens-dslr-camera/p/itmdv58e7fb3aftf?pid=CAMDZDXHCGDPXBMG&srno=b_1_8&otracker=CLP_MetroExpandable&lid=LSTCAMDZDXHCGDPXBMGIQ8LMF,Black,4.4,79 Ratings,https://www.flipkart.com/canon-eos-70d-body-ef-s-18-55-mm-stm-lens-dslr-camera/p/itmdv58e7fb3aftf?pid=CAMDZDXHCGDPXBMG&srno=b_1_8&otracker=CLP_MetroExpandable&lid=LSTCAMDZDXHCGDPXBMGIQ8LMF,21 Reviews,https://www.flipkart.com/canon-eos-70d-body-ef-s-18-55-mm-stm-lens-dslr-camera/p/itmdv58e7fb3aftf?pid=CAMDZDXHCGDPXBMG&srno=b_1_8&otracker=CLP_MetroExpandable&lid=LSTCAMDZDXHCGDPXBMGIQ8LMF,Effective Pixels: 20.2 MP,https://www.flipkart.com/canon-eos-70d-body-ef-s-18-55-mm-stm-lens-dslr-camera/p/itmdv58e7fb3aftf?pid=CAMDZDXHCGDPXBMG&srno=b_1_8&otracker=CLP_MetroExpandable&lid=LSTCAMDZDXHCGDPXBMGIQ8LMF,Sensor Type: CMOS | LCD Size: 3 inch,https://www.flipkart.com/canon-eos-70d-body-ef-s-18-55-mm-stm-lens-dslr-camera/p/itmdv58e7fb3aftf?pid=CAMDZDXHCGDPXBMG&srno=b_1_8&otracker=CLP_MetroExpandable&lid=LSTCAMDZDXHCGDPXBMGIQ8LMF,Max Shutter Speed: 1/8000,https://www.flipkart.com/canon-eos-70d-body-ef-s-18-55-mm-stm-lens-dslr-camera/p/itmdv58e7fb3aftf?pid=CAMDZDXHCGDPXBMG&srno=b_1_8&otracker=CLP_MetroExpandable&lid=LSTCAMDZDXHCGDPXBMGIQ8LMF,2 Years Canon India Warranty and Free Transit Insurance,https://www.flipkart.com/canon-eos-70d-body-ef-s-18-55-mm-stm-lens-dslr-camera/p/itmdv58e7fb3aftf?pid=CAMDZDXHCGDPXBMG&srno=b_1_8&otracker=CLP_MetroExpandable&lid=LSTCAMDZDXHCGDPXBMGIQ8LMF
https://www.flipkart.com/cameras/pr?filterNone=true&sid=jek%2Cp31&p%5B%5D=facets.brand%255B%255D%3DCanon&otracker=CLP_MetroExpandable,Add to Compare\nCanon IXUS 175 Point & Shoot Camera\nSilver\n3.7★\n3.7\n★\n50 Ratings\n4 Reviews\n5\n★\n14\n4\n★\n18\n3\n★\n10\n2\n★\n3\n1\n★\n5\n50 Ratings & 4 Reviews\nEffective Pixels: 20 MP\nOptical Zoom: 8x\nLCD Size: 2.7 inch\nMax Shutter Speed: 1/2000\nAuto Focus\n2 Years Canon India Warranty\n₹6950,Canon IXUS 175 Point & Shoot Camera,https://www.flipkart.com/canon-ixus-175-point-shoot-camera/p/itmeeyk8qznvtgnr?pid=CAMEEYK823ZXVDYQ&srno=b_1_9&otracker=CLP_MetroExpandable&lid=LSTCAMEEYK823ZXVDYQ8H00VF,Silver,3.7,50 Ratings,https://www.flipkart.com/canon-ixus-175-point-shoot-camera/p/itmeeyk8qznvtgnr?pid=CAMEEYK823ZXVDYQ&srno=b_1_9&otracker=CLP_MetroExpandable&lid=LSTCAMEEYK823ZXVDYQ8H00VF,4 Reviews,https://www.flipkart.com/canon-ixus-175-point-shoot-camera/p/itmeeyk8qznvtgnr?pid=CAMEEYK823ZXVDYQ&srno=b_1_9&otracker=CLP_MetroExpandable&lid=LSTCAMEEYK823ZXVDYQ8H00VF,Effective Pixels: 20 MP,https://www.flipkart.com/canon-ixus-175-point-shoot-camera/p/itmeeyk8qznvtgnr?pid=CAMEEYK823ZXVDYQ&srno=b_1_9&otracker=CLP_MetroExpandable&lid=LSTCAMEEYK823ZXVDYQ8H00VF,Optical Zoom: 8x,https://www.flipkart.com/canon-ixus-175-point-shoot-camera/p/itmeeyk8qznvtgnr?pid=CAMEEYK823ZXVDYQ&srno=b_1_9&otracker=CLP_MetroExpandable&lid=LSTCAMEEYK823ZXVDYQ8H00VF,LCD Size: 2.7 inch,https://www.flipkart.com/canon-ixus-175-point-shoot-camera/p/itmeeyk8qznvtgnr?pid=CAMEEYK823ZXVDYQ&srno=b_1_9&otracker=CLP_MetroExpandable&lid=LSTCAMEEYK823ZXVDYQ8H00VF,Auto Focus,https://www.flipkart.com/canon-ixus-175-point-shoot-camera/p/itmeeyk8qznvtgnr?pid=CAMEEYK823ZXVDYQ&srno=b_1_9&otracker=CLP_MetroExpandable&lid=LSTCAMEEYK823ZXVDYQ8H00VF
https://www.flipkart.com/cameras/pr?filterNone=true&sid=jek%2Cp31&p%5B%5D=facets.brand%255B%255D%3DCanon&otracker=CLP_MetroExpandable,Add to Compare\nCanon PowerShot SX700 HS Advanced Point & Shoot Camera\nRed\n4.3★\n4.3\n★\n49 Ratings\n14 Reviews\n5\n★\n26\n4\n★\n15\n3\n★\n6\n2\n★\n1\n1\n★\n1\n49 Ratings & 14 Reviews\nEffective Pixels: 16.1 MP\nOptical Zoom: 30\nLCD Size: 3 inch\nMax Shutter Speed: 1/3200\nAuto Focus\n2 Years Canon India Warranty and Free Transit Insurance\n₹17999,Canon PowerShot SX700 HS Advanced Point & Shoot Camera,https://www.flipkart.com/canon-powershot-sx700-hs-advanced-point-shoot-camera/p/itmdvyxgyspzb6zz?pid=CAMDVYD6F47HKGTM&srno=b_1_10&otracker=CLP_MetroExpandable&lid=LSTCAMDVYD6F47HKGTMVWYWZM,Red,4.3,49 Ratings,https://www.flipkart.com/canon-powershot-sx700-hs-advanced-point-shoot-camera/p/itmdvyxgyspzb6zz?pid=CAMDVYD6F47HKGTM&srno=b_1_10&otracker=CLP_MetroExpandable&lid=LSTCAMDVYD6F47HKGTMVWYWZM,14 Reviews,https://www.flipkart.com/canon-powershot-sx700-hs-advanced-point-shoot-camera/p/itmdvyxgyspzb6zz?pid=CAMDVYD6F47HKGTM&srno=b_1_10&otracker=CLP_MetroExpandable&lid=LSTCAMDVYD6F47HKGTMVWYWZM,Effective Pixels: 16.1 MP,https://www.flipkart.com/canon-powershot-sx700-hs-advanced-point-shoot-camera/p/itmdvyxgyspzb6zz?pid=CAMDVYD6F47HKGTM&srno=b_1_10&otracker=CLP_MetroExpandable&lid=LSTCAMDVYD6F47HKGTMVWYWZM,Optical Zoom: 30,https://www.flipkart.com/canon-powershot-sx700-hs-advanced-point-shoot-camera/p/itmdvyxgyspzb6zz?pid=CAMDVYD6F47HKGTM&srno=b_1_10&otracker=CLP_MetroExpandable&lid=LSTCAMDVYD6F47HKGTMVWYWZM,LCD Size: 3 inch,https://www.flipkart.com/canon-powershot-sx700-hs-advanced-point-shoot-camera/p/itmdvyxgyspzb6zz?pid=CAMDVYD6F47HKGTM&srno=b_1_10&otracker=CLP_MetroExpandable&lid=LSTCAMDVYD6F47HKGTMVWYWZM,Auto Focus,https://www.flipkart.com/canon-powershot-sx700-hs-advanced-point-shoot-camera/p/itmdvyxgyspzb6zz?pid=CAMDVYD6F47HKGTM&srno=b_1_10&otracker=CLP_MetroExpandable&lid=LSTCAMDVYD6F47HKGTMVWYWZM
https://www.flipkart.com/cameras/pr?filterNone=true&sid=jek%2Cp31&p%5B%5D=facets.brand%255B%255D%3DCanon&otracker=CLP_MetroExpandable,Add to Compare\nCanon DSLR EOS 80D Body with 18-55 IS STM DSLR Camera\nBlack\n4.3★\n4.3\n★\n17 Ratings\n7 Reviews\n5\n★\n11\n4\n★\n4\n3\n★\n0\n2\n★\n0\n1\n★\n2\n17 Ratings & 7 Reviews\nEffective Pixels: 24 MP\nOptical Zoom: 18-55\nSensor Type: CMOS | LCD Size: 3 inch\nMax Shutter Speed: 1/8000\n2 Years Canon India Warranty and Free Transit Insurance\n₹75995,Canon DSLR EOS 80D Body with 18-55 IS STM DSLR Camera,https://www.flipkart.com/canon-dslr-eos-80d-body-18-55-stm-camera/p/itmehdmybxpmw47e?pid=CAMEHDMYMGZT72Z6&srno=b_1_11&otracker=CLP_MetroExpandable&lid=LSTCAMEHDMYMGZT72Z68DUODC,Black,4.3,17 Ratings,https://www.flipkart.com/canon-dslr-eos-80d-body-18-55-stm-camera/p/itmehdmybxpmw47e?pid=CAMEHDMYMGZT72Z6&srno=b_1_11&otracker=CLP_MetroExpandable&lid=LSTCAMEHDMYMGZT72Z68DUODC,7 Reviews,https://www.flipkart.com/canon-dslr-eos-80d-body-18-55-stm-camera/p/itmehdmybxpmw47e?pid=CAMEHDMYMGZT72Z6&srno=b_1_11&otracker=CLP_MetroExpandable&lid=LSTCAMEHDMYMGZT72Z68DUODC,Effective Pixels: 24 MP,https://www.flipkart.com/canon-dslr-eos-80d-body-18-55-stm-camera/p/itmehdmybxpmw47e?pid=CAMEHDMYMGZT72Z6&srno=b_1_11&otracker=CLP_MetroExpandable&lid=LSTCAMEHDMYMGZT72Z68DUODC,Optical Zoom: 18-55,https://www.flipkart.com/canon-dslr-eos-80d-body-18-55-stm-camera/p/itmehdmybxpmw47e?pid=CAMEHDMYMGZT72Z6&srno=b_1_11&otracker=CLP_MetroExpandable&lid=LSTCAMEHDMYMGZT72Z68DUODC,Sensor Type: CMOS | LCD Size: 3 inch,https://www.flipkart.com/canon-dslr-eos-80d-body-18-55-stm-camera/p/itmehdmybxpmw47e?pid=CAMEHDMYMGZT72Z6&srno=b_1_11&otracker=CLP_MetroExpandable&lid=LSTCAMEHDMYMGZT72Z68DUODC,2 Years Canon India Warranty and Free Transit Insurance,https://www.flipkart.com/canon-dslr-eos-80d-body-18-55-stm-camera/p/itmehdmybxpmw47e?pid=CAMEHDMYMGZT72Z6&srno=b_1_11&otracker=CLP_MetroExpandable&lid=LSTCAMEHDMYMGZT72Z68DUODC
https://www.flipkart.com/cameras/pr?filterNone=true&sid=jek%2Cp31&p%5B%5D=facets.brand%255B%255D%3DCanon&otracker=CLP_MetroExpandable,Add to Compare\nCanon DSLR EOS 80D Body with 18-135 IS USM DSLR Camera\nBlack\n4.3★\n4.3\n★\n17 Ratings\n7 Reviews\n5\n★\n11\n4\n★\n4\n3\n★\n0\n2\n★\n0\n1\n★\n2\n17 Ratings & 7 Reviews\nEffective Pixels: 24 MP\nOptical Zoom: 18-135\nSensor Type: CMOS | LCD Size: 3 inch\nMax Shutter Speed: 1/8000\n2 Years Canon India Warranty and Free Transit Insurance\n₹93995,Canon DSLR EOS 80D Body with 18-135 IS USM DSLR Camera,https://www.flipkart.com/canon-dslr-eos-80d-body-18-135-usm-camera/p/itmehdmxcbwcufnv?pid=CAMEHDMX8BPWDGVR&srno=b_1_12&otracker=CLP_MetroExpandable&lid=LSTCAMEHDMX8BPWDGVRWUUBHM,Black,4.3,17 Ratings,https://www.flipkart.com/canon-dslr-eos-80d-body-18-135-usm-camera/p/itmehdmxcbwcufnv?pid=CAMEHDMX8BPWDGVR&srno=b_1_12&otracker=CLP_MetroExpandable&lid=LSTCAMEHDMX8BPWDGVRWUUBHM,7 Reviews,https://www.flipkart.com/canon-dslr-eos-80d-body-18-135-usm-camera/p/itmehdmxcbwcufnv?pid=CAMEHDMX8BPWDGVR&srno=b_1_12&otracker=CLP_MetroExpandable&lid=LSTCAMEHDMX8BPWDGVRWUUBHM,Effective Pixels: 24 MP,https://www.flipkart.com/canon-dslr-eos-80d-body-18-135-usm-camera/p/itmehdmxcbwcufnv?pid=CAMEHDMX8BPWDGVR&srno=b_1_12&otracker=CLP_MetroExpandable&lid=LSTCAMEHDMX8BPWDGVRWUUBHM,Optical Zoom: 18-135,https://www.flipkart.com/canon-dslr-eos-80d-body-18-135-usm-camera/p/itmehdmxcbwcufnv?pid=CAMEHDMX8BPWDGVR&srno=b_1_12&otracker=CLP_MetroExpandable&lid=LSTCAMEHDMX8BPWDGVRWUUBHM,Sensor Type: CMOS | LCD Size: 3 inch,https://www.flipkart.com/canon-dslr-eos-80d-body-18-135-usm-camera/p/itmehdmxcbwcufnv?pid=CAMEHDMX8BPWDGVR&srno=b_1_12&otracker=CLP_MetroExpandable&lid=LSTCAMEHDMX8BPWDGVRWUUBHM,2 Years Canon India Warranty and Free Transit Insurance,https://www.flipkart.com/canon-dslr-eos-80d-body-18-135-usm-camera/p/itmehdmxcbwcufnv?pid=CAMEHDMX8BPWDGVR&srno=b_1_12&otracker=CLP_MetroExpandable&lid=LSTCAMEHDMX8BPWDGVRWUUBHM
https://www.flipkart.com/cameras/pr?filterNone=true&sid=jek%2Cp31&p%5B%5D=facets.brand%255B%255D%3DCanon&otracker=CLP_MetroExpandable,Add to Compare\nCanon SX410 IS Point & Shoot Camera\nBlack\n4.4★\n4.4\n★\n61 Ratings\n9 Reviews\n5\n★\n37\n4\n★\n16\n3\n★\n7\n2\n★\n0\n1\n★\n1\n61 Ratings & 9 Reviews\nEffective Pixels: 20 MP\nOptical Zoom: 40\nSensor Type: CCD | LCD Size: 3 inch\nMax Shutter Speed: 1/2000\nAuto Focus\n2 Years Canon India Warranty and Free Transit Insurance\n₹12995,Canon SX410 IS Point & Shoot Camera,https://www.flipkart.com/canon-sx410-point-shoot-camera/p/itme5sty7ed4phdf?pid=CAME5SSZKDHUHMQA&srno=b_1_13&otracker=CLP_MetroExpandable&lid=LSTCAME5SSZKDHUHMQAQYQL9X,Black,4.4,61 Ratings,https://www.flipkart.com/canon-sx410-point-shoot-camera/p/itme5sty7ed4phdf?pid=CAME5SSZKDHUHMQA&srno=b_1_13&otracker=CLP_MetroExpandable&lid=LSTCAME5SSZKDHUHMQAQYQL9X,9 Reviews,https://www.flipkart.com/canon-sx410-point-shoot-camera/p/itme5sty7ed4phdf?pid=CAME5SSZKDHUHMQA&srno=b_1_13&otracker=CLP_MetroExpandable&lid=LSTCAME5SSZKDHUHMQAQYQL9X,Effective Pixels: 20 MP,https://www.flipkart.com/canon-sx410-point-shoot-camera/p/itme5sty7ed4phdf?pid=CAME5SSZKDHUHMQA&srno=b_1_13&otracker=CLP_MetroExpandable&lid=LSTCAME5SSZKDHUHMQAQYQL9X,Optical Zoom: 40,https://www.flipkart.com/canon-sx410-point-shoot-camera/p/itme5sty7ed4phdf?pid=CAME5SSZKDHUHMQA&srno=b_1_13&otracker=CLP_MetroExpandable&lid=LSTCAME5SSZKDHUHMQAQYQL9X,Sensor Type: CCD | LCD Size: 3 inch,https://www.flipkart.com/canon-sx410-point-shoot-camera/p/itme5sty7ed4phdf?pid=CAME5SSZKDHUHMQA&srno=b_1_13&otracker=CLP_MetroExpandable&lid=LSTCAME5SSZKDHUHMQAQYQL9X,Auto Focus,https://www.flipkart.com/canon-sx410-point-shoot-camera/p/itme5sty7ed4phdf?pid=CAME5SSZKDHUHMQA&srno=b_1_13&otracker=CLP_MetroExpandable&lid=LSTCAME5SSZKDHUHMQAQYQL9X
https://www.flipkart.com/cameras/pr?filterNone=true&sid=jek%2Cp31&p%5B%5D=facets.brand%255B%255D%3DCanon&otracker=CLP_MetroExpandable,Add to Compare\nCanon DSLR EOS 80D(W) Body DSLR Camera\nBlack\n4.6★\n4.6\n★\n10 Ratings\n2 Reviews\n5\n★\n7\n4\n★\n2\n3\n★\n1\n2\n★\n0\n1\n★\n0\n10 Ratings & 2 Reviews\nEffective Pixels: 24 MP\nOptical Zoom: Body\nSensor Type: CMOS | LCD Size: 3 inch\nMax Shutter Speed: 1/8000\n2 Years Canon India Warranty and Free Transit Insurance\n₹72900,https://www.flipkart.com/canon-dslr-eos-80d-w-body-camera/p/itmehbazpjedmf9h?pid=CAMEHBAZUR35KKZM&srno=b_1_14&otracker=CLP_MetroExpandable&lid=LSTCAMEHBAZUR35KKZMH6HFYQ,Canon DSLR EOS 80D(W) Body DSLR Camera,https://www.flipkart.com/canon-dslr-eos-80d-w-body-camera/p/itmehbazpjedmf9h?pid=CAMEHBAZUR35KKZM&srno=b_1_14&otracker=CLP_MetroExpandable&lid=LSTCAMEHBAZUR35KKZMH6HFYQ,https://www.flipkart.com/canon-dslr-eos-80d-w-body-camera/p/itmehbazpjedmf9h?pid=CAMEHBAZUR35KKZM&srno=b_1_14&otracker=CLP_MetroExpandable&lid=LSTCAMEHBAZUR35KKZMH6HFYQ,https://www.flipkart.com/canon-dslr-eos-80d-w-body-camera/p/itmehbazpjedmf9h?pid=CAMEHBAZUR35KKZM&srno=b_1_14&otracker=CLP_MetroExpandable&lid=LSTCAMEHBAZUR35KKZMH6HFYQ,10 Ratings,https://www.flipkart.com/canon-dslr-eos-80d-w-body-camera/p/itmehbazpjedmf9h?pid=CAMEHBAZUR35KKZM&srno=b_1_14&otracker=CLP_MetroExpandable&lid=LSTCAMEHBAZUR35KKZMH6HFYQ,2 Reviews,https://www.flipkart.com/canon-dslr-eos-80d-w-body-camera/p/itmehbazpjedmf9h?pid=CAMEHBAZUR35KKZM&srno=b_1_14&otracker=CLP_MetroExpandable&lid=LSTCAMEHBAZUR35KKZMH6HFYQ,Effective Pixels: 24 MP,https://www.flipkart.com/canon-dslr-eos-80d-w-body-camera/p/itmehbazpjedmf9h?pid=CAMEHBAZUR35KKZM&srno=b_1_14&otracker=CLP_MetroExpandable&lid=LSTCAMEHBAZUR35KKZMH6HFYQ,Optical Zoom: Body,https://www.flipkart.com/canon-dslr-eos-80d-w-body-camera/p/itmehbazpjedmf9h?pid=CAMEHBAZUR35KKZM&srno=b_1_14&otracker=CLP_MetroExpandable&lid=LSTCAMEHBAZUR35KKZMH6HFYQ,Sensor Type: CMOS | LCD Size: 3 inch,https://www.flipkart.com/canon-dslr-eos-80d-w-body-camera/p/itmehbazpjedmf9h?pid=CAMEHBAZUR35KKZM&srno=b_1_14&otracker=CLP_MetroExpandable&lid=LSTCAMEHBAZUR35KKZMH6HFYQ,2 Years Canon India Warranty and Free Transit Insurance
https://www.flipkart.com/cameras/pr?filterNone=true&sid=jek%2Cp31&p%5B%5D=facets.brand%255B%255D%3DCanon&otracker=CLP_MetroExpandable,Add to Compare\nCanon EOS 750D (Kit -EF-S 18 - 55 mm IS STM) DSLR Camera\nBlack\n4.3★\n4.3\n★\n26 Ratings\n2 Reviews\n5\n★\n19\n4\n★\n3\n3\n★\n1\n2\n★\n0\n1\n★\n3\n26 Ratings & 2 Reviews\nEffective Pixels: 24.2 MP\nSensor Type: CMOS | LCD Size: 3 inch\nMax Shutter Speed: 1/4000\nAuto Focus\n2 Years Canon India Warranty and Free Transit Insurance\n₹51390,Canon EOS 750D (Kit -EF-S 18 - 55 mm IS STM) DSLR Camera,https://www.flipkart.com/canon-eos-750d-kit-ef-s-18-55-mm-stm-dslr-camera/p/itme77r3abdnxyyz?pid=CAME77R3EZDGHMGY&srno=b_1_15&otracker=CLP_MetroExpandable&lid=LSTCAME77R3EZDGHMGYXOGYL5,Black,4.3,26 Ratings,https://www.flipkart.com/canon-eos-750d-kit-ef-s-18-55-mm-stm-dslr-camera/p/itme77r3abdnxyyz?pid=CAME77R3EZDGHMGY&srno=b_1_15&otracker=CLP_MetroExpandable&lid=LSTCAME77R3EZDGHMGYXOGYL5,2 Reviews,https://www.flipkart.com/canon-eos-750d-kit-ef-s-18-55-mm-stm-dslr-camera/p/itme77r3abdnxyyz?pid=CAME77R3EZDGHMGY&srno=b_1_15&otracker=CLP_MetroExpandable&lid=LSTCAME77R3EZDGHMGYXOGYL5,Effective Pixels: 24.2 MP,https://www.flipkart.com/canon-eos-750d-kit-ef-s-18-55-mm-stm-dslr-camera/p/itme77r3abdnxyyz?pid=CAME77R3EZDGHMGY&srno=b_1_15&otracker=CLP_MetroExpandable&lid=LSTCAME77R3EZDGHMGYXOGYL5,Sensor Type: CMOS | LCD Size: 3 inch,https://www.flipkart.com/canon-eos-750d-kit-ef-s-18-55-mm-stm-dslr-camera/p/itme77r3abdnxyyz?pid=CAME77R3EZDGHMGY&srno=b_1_15&otracker=CLP_MetroExpandable&lid=LSTCAME77R3EZDGHMGYXOGYL5,Max Shutter Speed: 1/4000,https://www.flipkart.com/canon-eos-750d-kit-ef-s-18-55-mm-stm-dslr-camera/p/itme77r3abdnxyyz?pid=CAME77R3EZDGHMGY&srno=b_1_15&otracker=CLP_MetroExpandable&lid=LSTCAME77R3EZDGHMGYXOGYL5,2 Years Canon India Warranty and Free Transit Insurance,https://www.flipkart.com/canon-eos-750d-kit-ef-s-18-55-mm-stm-dslr-camera/p/itme77r3abdnxyyz?pid=CAME77R3EZDGHMGY&srno=b_1_15&otracker=CLP_MetroExpandable&lid=LSTCAME77R3EZDGHMGYXOGYL5
https://www.flipkart.com/cameras/pr?filterNone=true&sid=jek%2Cp31&p%5B%5D=facets.brand%255B%255D%3DCanon&otracker=CLP_MetroExpandable,Add to Compare\nCanon PowerShot SX530 HS Point & Shoot Camera\nBlack\n4.1★\n4.1\n★\n45 Ratings\n13 Reviews\n5\n★\n22\n4\n★\n14\n3\n★\n3\n2\n★\n2\n1\n★\n4\n45 Ratings & 13 Reviews\nEffective Pixels: 16 MP\nOptical Zoom: 50 | Digital Zoon: 4x\nSensor Type: CMOS | LCD Size: 3 inch\nMax Shutter Speed: 1/2000\nAuto Focus\n2 Years Canon India Warranty and Free Transit Insurance\n₹21995,https://www.flipkart.com/canon-powershot-sx530-hs-point-shoot-camera/p/itme44g6uxjd5c7u?pid=CAME44G2UPAJPA9F&srno=b_1_16&otracker=CLP_MetroExpandable&lid=LSTCAME44G2UPAJPA9FIE1Q34,Canon PowerShot SX530 HS Point & Shoot Camera,https://www.flipkart.com/canon-powershot-sx530-hs-point-shoot-camera/p/itme44g6uxjd5c7u?pid=CAME44G2UPAJPA9F&srno=b_1_16&otracker=CLP_MetroExpandable&lid=LSTCAME44G2UPAJPA9FIE1Q34,https://www.flipkart.com/canon-powershot-sx530-hs-point-shoot-camera/p/itme44g6uxjd5c7u?pid=CAME44G2UPAJPA9F&srno=b_1_16&otracker=CLP_MetroExpandable&lid=LSTCAME44G2UPAJPA9FIE1Q34,https://www.flipkart.com/canon-powershot-sx530-hs-point-shoot-camera/p/itme44g6uxjd5c7u?pid=CAME44G2UPAJPA9F&srno=b_1_16&otracker=CLP_MetroExpandable&lid=LSTCAME44G2UPAJPA9FIE1Q34,45 Ratings,https://www.flipkart.com/canon-powershot-sx530-hs-point-shoot-camera/p/itme44g6uxjd5c7u?pid=CAME44G2UPAJPA9F&srno=b_1_16&otracker=CLP_MetroExpandable&lid=LSTCAME44G2UPAJPA9FIE1Q34,13 Reviews,https://www.flipkart.com/canon-powershot-sx530-hs-point-shoot-camera/p/itme44g6uxjd5c7u?pid=CAME44G2UPAJPA9F&srno=b_1_16&otracker=CLP_MetroExpandable&lid=LSTCAME44G2UPAJPA9FIE1Q34,Effective Pixels: 16 MP,https://www.flipkart.com/canon-powershot-sx530-hs-point-shoot-camera/p/itme44g6uxjd5c7u?pid=CAME44G2UPAJPA9F&srno=b_1_16&otracker=CLP_MetroExpandable&lid=LSTCAME44G2UPAJPA9FIE1Q34,Optical Zoom: 50 | Digital Zoon: 4x,https://www.flipkart.com/canon-powershot-sx530-hs-point-shoot-camera/p/itme44g6uxjd5c7u?pid=CAME44G2UPAJPA9F&srno=b_1_16&otracker=CLP_MetroExpandable&lid=LSTCAME44G2UPAJPA9FIE1Q34,Sensor Type: CMOS | LCD Size: 3 inch,https://www.flipkart.com/canon-powershot-sx530-hs-point-shoot-camera/p/itme44g6uxjd5c7u?pid=CAME44G2UPAJPA9F&srno=b_1_16&otracker=CLP_MetroExpandable&lid=LSTCAME44G2UPAJPA9FIE1Q34,Auto Focus
https://www.flipkart.com/cameras/pr?filterNone=true&sid=jek%2Cp31&p%5B%5D=facets.brand%255B%255D%3DCanon&otracker=CLP_MetroExpandable,Add to Compare\nCanon EOS 7D (Body only) DSLR Camera\nBlack\n4.5★\n4.5\n★\n67 Ratings\n13 Reviews\n5\n★\n52\n4\n★\n8\n3\n★\n1\n2\n★\n1\n1\n★\n5\n67 Ratings & 13 Reviews\nEffective Pixels: 18 MP\nSensor Type: CMOS | LCD Size: 3 inch\nMax Shutter Speed: 1/8000\nAuto Focus\n2 Years Canon India Warranty and Free Transit Insurance\n₹79999,Canon EOS 7D (Body only) DSLR Camera,https://www.flipkart.com/canon-eos-7d-body-only-dslr-camera/p/itmdv58fgkghhfg3?pid=CAMCXUMHFKZGE7VG&srno=b_1_17&otracker=CLP_MetroExpandable&lid=LSTCAMCXUMHFKZGE7VGAJVXWK,Black,4.5,67 Ratings,https://www.flipkart.com/canon-eos-7d-body-only-dslr-camera/p/itmdv58fgkghhfg3?pid=CAMCXUMHFKZGE7VG&srno=b_1_17&otracker=CLP_MetroExpandable&lid=LSTCAMCXUMHFKZGE7VGAJVXWK,13 Reviews,https://www.flipkart.com/canon-eos-7d-body-only-dslr-camera/p/itmdv58fgkghhfg3?pid=CAMCXUMHFKZGE7VG&srno=b_1_17&otracker=CLP_MetroExpandable&lid=LSTCAMCXUMHFKZGE7VGAJVXWK,Effective Pixels: 18 MP,https://www.flipkart.com/canon-eos-7d-body-only-dslr-camera/p/itmdv58fgkghhfg3?pid=CAMCXUMHFKZGE7VG&srno=b_1_17&otracker=CLP_MetroExpandable&lid=LSTCAMCXUMHFKZGE7VGAJVXWK,Sensor Type: CMOS | LCD Size: 3 inch,https://www.flipkart.com/canon-eos-7d-body-only-dslr-camera/p/itmdv58fgkghhfg3?pid=CAMCXUMHFKZGE7VG&srno=b_1_17&otracker=CLP_MetroExpandable&lid=LSTCAMCXUMHFKZGE7VGAJVXWK,Max Shutter Speed: 1/8000,https://www.flipkart.com/canon-eos-7d-body-only-dslr-camera/p/itmdv58fgkghhfg3?pid=CAMCXUMHFKZGE7VG&srno=b_1_17&otracker=CLP_MetroExpandable&lid=LSTCAMCXUMHFKZGE7VGAJVXWK,2 Years Canon India Warranty and Free Transit Insurance,https://www.flipkart.com/canon-eos-7d-body-only-dslr-camera/p/itmdv58fgkghhfg3?pid=CAMCXUMHFKZGE7VG&srno=b_1_17&otracker=CLP_MetroExpandable&lid=LSTCAMCXUMHFKZGE7VGAJVXWK
https://www.flipkart.com/cameras/pr?filterNone=true&sid=jek%2Cp31&p%5B%5D=facets.brand%255B%255D%3DCanon&otracker=CLP_MetroExpandable,Add to Compare\nCanon EOS 5D Mark IV Body DSLR Camera\nBlack\n3.8★\n3.8\n★\n4 Ratings\n3 Reviews\n5\n★\n2\n4\n★\n1\n3\n★\n0\n2\n★\n0\n1\n★\n1\n4 Ratings & 3 Reviews\nEffective Pixels: 30.4 MP\nOptical Zoom: No\nSensor Type: CMOS | LCD Size: 3.2'' inch\nMax Shutter Speed: 1/8000sec\nNA\n₹245995,Canon EOS 5D Mark IV Body DSLR Camera,https://www.flipkart.com/canon-eos-5d-mark-iv-body-dslr-camera/p/itmemgvkm5y7hk4j?pid=CAMEMGVJCKRHRSVF&srno=b_1_19&otracker=CLP_MetroExpandable&lid=LSTCAMEMGVJCKRHRSVF0JBNG2,Black,3.8,4 Ratings,https://www.flipkart.com/canon-eos-5d-mark-iv-body-dslr-camera/p/itmemgvkm5y7hk4j?pid=CAMEMGVJCKRHRSVF&srno=b_1_19&otracker=CLP_MetroExpandable&lid=LSTCAMEMGVJCKRHRSVF0JBNG2,3 Reviews,https://www.flipkart.com/canon-eos-5d-mark-iv-body-dslr-camera/p/itmemgvkm5y7hk4j?pid=CAMEMGVJCKRHRSVF&srno=b_1_19&otracker=CLP_MetroExpandable&lid=LSTCAMEMGVJCKRHRSVF0JBNG2,Effective Pixels: 30.4 MP,https://www.flipkart.com/canon-eos-5d-mark-iv-body-dslr-camera/p/itmemgvkm5y7hk4j?pid=CAMEMGVJCKRHRSVF&srno=b_1_19&otracker=CLP_MetroExpandable&lid=LSTCAMEMGVJCKRHRSVF0JBNG2,Optical Zoom: No,https://www.flipkart.com/canon-eos-5d-mark-iv-body-dslr-camera/p/itmemgvkm5y7hk4j?pid=CAMEMGVJCKRHRSVF&srno=b_1_19&otracker=CLP_MetroExpandable&lid=LSTCAMEMGVJCKRHRSVF0JBNG2,Sensor Type: CMOS | LCD Size: 3.2'' inch,https://www.flipkart.com/canon-eos-5d-mark-iv-body-dslr-camera/p/itmemgvkm5y7hk4j?pid=CAMEMGVJCKRHRSVF&srno=b_1_19&otracker=CLP_MetroExpandable&lid=LSTCAMEMGVJCKRHRSVF0JBNG2,NA,https://www.flipkart.com/canon-eos-5d-mark-iv-body-dslr-camera/p/itmemgvkm5y7hk4j?pid=CAMEMGVJCKRHRSVF&srno=b_1_19&otracker=CLP_MetroExpandable&lid=LSTCAMEMGVJCKRHRSVF0JBNG2
https://www.flipkart.com/cameras/pr?filterNone=true&sid=jek%2Cp31&p%5B%5D=facets.brand%255B%255D%3DCanon&otracker=CLP_MetroExpandable,Add to Compare\nCanon EOS 5D Mark III (Body only) DSLR Camera\n4.2★\n4.2\n★\n60 Ratings\n16 Reviews\n5\n★\n43\n4\n★\n4\n3\n★\n4\n2\n★\n1\n1\n★\n8\n60 Ratings & 16 Reviews\nEffective Pixels: 22.3 MP\nSensor Type: CMOS | LCD Size: 3.2 inch\nMax Shutter Speed: 1/8000\nAuto Focus\n2 Years Canon India Warranty and Free Transit Insurance\n₹179995,Canon EOS 5D Mark III (Body only) DSLR Camera,https://www.flipkart.com/canon-eos-5d-mark-iii-body-only-dslr-camera/p/itmd8yvyfdzg6z5x?pid=CAMD8YVYNYZZRWQ5&srno=b_1_20&otracker=CLP_MetroExpandable&lid=LSTCAMD8YVYNYZZRWQ57GHEDZ,,4.2,60 Ratings,https://www.flipkart.com/canon-eos-5d-mark-iii-body-only-dslr-camera/p/itmd8yvyfdzg6z5x?pid=CAMD8YVYNYZZRWQ5&srno=b_1_20&otracker=CLP_MetroExpandable&lid=LSTCAMD8YVYNYZZRWQ57GHEDZ,16 Reviews,https://www.flipkart.com/canon-eos-5d-mark-iii-body-only-dslr-camera/p/itmd8yvyfdzg6z5x?pid=CAMD8YVYNYZZRWQ5&srno=b_1_20&otracker=CLP_MetroExpandable&lid=LSTCAMD8YVYNYZZRWQ57GHEDZ,Effective Pixels: 22.3 MP,https://www.flipkart.com/canon-eos-5d-mark-iii-body-only-dslr-camera/p/itmd8yvyfdzg6z5x?pid=CAMD8YVYNYZZRWQ5&srno=b_1_20&otracker=CLP_MetroExpandable&lid=LSTCAMD8YVYNYZZRWQ57GHEDZ,Sensor Type: CMOS | LCD Size: 3.2 inch,https://www.flipkart.com/canon-eos-5d-mark-iii-body-only-dslr-camera/p/itmd8yvyfdzg6z5x?pid=CAMD8YVYNYZZRWQ5&srno=b_1_20&otracker=CLP_MetroExpandable&lid=LSTCAMD8YVYNYZZRWQ57GHEDZ,Max Shutter Speed: 1/8000,https://www.flipkart.com/canon-eos-5d-mark-iii-body-only-dslr-camera/p/itmd8yvyfdzg6z5x?pid=CAMD8YVYNYZZRWQ5&srno=b_1_20&otracker=CLP_MetroExpandable&lid=LSTCAMD8YVYNYZZRWQ57GHEDZ,2 Years Canon India Warranty and Free Transit Insurance,https://www.flipkart.com/canon-eos-5d-mark-iii-body-only-dslr-camera/p/itmd8yvyfdzg6z5x?pid=CAMD8YVYNYZZRWQ5&srno=b_1_20&otracker=CLP_MetroExpandable&lid=LSTCAMD8YVYNYZZRWQ57GHEDZ
https://www.flipkart.com/cameras/pr?filterNone=true&sid=jek%2Cp31&p%5B%5D=facets.brand%255B%255D%3DCanon&otracker=CLP_MetroExpandable,Add to Compare\nCanon PowerShot G1X Mark II Point & Shoot Camera\nBlack\n5★\n5\n★\n1 Ratings\n0 Reviews\n5\n★\n1\n4\n★\n0\n3\n★\n0\n2\n★\n0\n1\n★\n0\n1 Ratings & 0 Reviews\nEffective Pixels: 12.8 MP\nOptical Zoom: 5\nSensor Type: CMOS | LCD Size: 3 inch\nMax Shutter Speed: 1/4000\nAuto Focus\n2 Years Canon India Warranty and Free Transit Insurance\n₹45990,Canon PowerShot G1X Mark II Point & Shoot Camera,https://www.flipkart.com/canon-powershot-g1x-mark-ii-point-shoot-camera/p/itme689bybcbttyy?pid=CAME689BTHHAMPPA&srno=b_1_21&otracker=CLP_MetroExpandable&lid=LSTCAME689BTHHAMPPAZH6QF0,Black,5,1 Ratings,https://www.flipkart.com/canon-powershot-g1x-mark-ii-point-shoot-camera/p/itme689bybcbttyy?pid=CAME689BTHHAMPPA&srno=b_1_21&otracker=CLP_MetroExpandable&lid=LSTCAME689BTHHAMPPAZH6QF0,0 Reviews,https://www.flipkart.com/canon-powershot-g1x-mark-ii-point-shoot-camera/p/itme689bybcbttyy?pid=CAME689BTHHAMPPA&srno=b_1_21&otracker=CLP_MetroExpandable&lid=LSTCAME689BTHHAMPPAZH6QF0,Effective Pixels: 12.8 MP,https://www.flipkart.com/canon-powershot-g1x-mark-ii-point-shoot-camera/p/itme689bybcbttyy?pid=CAME689BTHHAMPPA&srno=b_1_21&otracker=CLP_MetroExpandable&lid=LSTCAME689BTHHAMPPAZH6QF0,Optical Zoom: 5,https://www.flipkart.com/canon-powershot-g1x-mark-ii-point-shoot-camera/p/itme689bybcbttyy?pid=CAME689BTHHAMPPA&srno=b_1_21&otracker=CLP_MetroExpandable&lid=LSTCAME689BTHHAMPPAZH6QF0,Sensor Type: CMOS | LCD Size: 3 inch,https://www.flipkart.com/canon-powershot-g1x-mark-ii-point-shoot-camera/p/itme689bybcbttyy?pid=CAME689BTHHAMPPA&srno=b_1_21&otracker=CLP_MetroExpandable&lid=LSTCAME689BTHHAMPPAZH6QF0,Auto Focus,https://www.flipkart.com/canon-powershot-g1x-mark-ii-point-shoot-camera/p/itme689bybcbttyy?pid=CAME689BTHHAMPPA&srno=b_1_21&otracker=CLP_MetroExpandable&lid=LSTCAME689BTHHAMPPAZH6QF0
https://www.flipkart.com/cameras/pr?filterNone=true&sid=jek%2Cp31&p%5B%5D=facets.brand%255B%255D%3DCanon&otracker=CLP_MetroExpandable,Add to Compare\nCanon EOS 760D (Body only) DSLR Camera\nBlack\n3.7★\n3.7\n★\n15 Ratings\n2 Reviews\n5\n★\n8\n4\n★\n2\n3\n★\n0\n2\n★\n2\n1\n★\n3\n15 Ratings & 2 Reviews\nEffective Pixels: 24.2 MP\nSensor Type: CMOS | LCD Size: 3 inch\nMax Shutter Speed: 1/4000\nAuto Focus\n2 Years Canon India Warranty and Free Transit Insurance\n₹52150,Canon EOS 760D (Body only) DSLR Camera,https://www.flipkart.com/canon-eos-760d-body-only-dslr-camera/p/itme77r3yrvcrpky?pid=CAME77R35JKEFQZA&srno=b_1_22&otracker=CLP_MetroExpandable&lid=LSTCAME77R35JKEFQZAW5G3OO,Black,3.7,15 Ratings,https://www.flipkart.com/canon-eos-760d-body-only-dslr-camera/p/itme77r3yrvcrpky?pid=CAME77R35JKEFQZA&srno=b_1_22&otracker=CLP_MetroExpandable&lid=LSTCAME77R35JKEFQZAW5G3OO,2 Reviews,https://www.flipkart.com/canon-eos-760d-body-only-dslr-camera/p/itme77r3yrvcrpky?pid=CAME77R35JKEFQZA&srno=b_1_22&otracker=CLP_MetroExpandable&lid=LSTCAME77R35JKEFQZAW5G3OO,Effective Pixels: 24.2 MP,https://www.flipkart.com/canon-eos-760d-body-only-dslr-camera/p/itme77r3yrvcrpky?pid=CAME77R35JKEFQZA&srno=b_1_22&otracker=CLP_MetroExpandable&lid=LSTCAME77R35JKEFQZAW5G3OO,Sensor Type: CMOS | LCD Size: 3 inch,https://www.flipkart.com/canon-eos-760d-body-only-dslr-camera/p/itme77r3yrvcrpky?pid=CAME77R35JKEFQZA&srno=b_1_22&otracker=CLP_MetroExpandable&lid=LSTCAME77R35JKEFQZAW5G3OO,Max Shutter Speed: 1/4000,https://www.flipkart.com/canon-eos-760d-body-only-dslr-camera/p/itme77r3yrvcrpky?pid=CAME77R35JKEFQZA&srno=b_1_22&otracker=CLP_MetroExpandable&lid=LSTCAME77R35JKEFQZAW5G3OO,2 Years Canon India Warranty and Free Transit Insurance,https://www.flipkart.com/canon-eos-760d-body-only-dslr-camera/p/itme77r3yrvcrpky?pid=CAME77R35JKEFQZA&srno=b_1_22&otracker=CLP_MetroExpandable&lid=LSTCAME77R35JKEFQZAW5G3OO
https://www.flipkart.com/cameras/pr?filterNone=true&sid=jek%2Cp31&p%5B%5D=facets.brand%255B%255D%3DCanon&otracker=CLP_MetroExpandable,Add to Compare\nCanon EOS 70D (Body only) DSLR Camera\nBlack\n4.4★\n4.4\n★\n79 Ratings\n21 Reviews\n5\n★\n61\n4\n★\n7\n3\n★\n3\n2\n★\n1\n1\n★\n7\n79 Ratings & 21 Reviews\nEffective Pixels: 20.2 MP\nSensor Type: CMOS | LCD Size: 3 inch\nMax Shutter Speed: 1/8000\nAuto Focus\n2 Years Domestic Warranty\n₹59995,Canon EOS 70D (Body only) DSLR Camera,https://www.flipkart.com/canon-eos-70d-body-only-dslr-camera/p/itmdv58eyyxg4bhc?pid=CAMDZDXHFMVFHZCH&srno=b_1_23&otracker=CLP_MetroExpandable&lid=LSTCAMDZDXHFMVFHZCHFNC08E,Black,4.4,79 Ratings,https://www.flipkart.com/canon-eos-70d-body-only-dslr-camera/p/itmdv58eyyxg4bhc?pid=CAMDZDXHFMVFHZCH&srno=b_1_23&otracker=CLP_MetroExpandable&lid=LSTCAMDZDXHFMVFHZCHFNC08E,21 Reviews,https://www.flipkart.com/canon-eos-70d-body-only-dslr-camera/p/itmdv58eyyxg4bhc?pid=CAMDZDXHFMVFHZCH&srno=b_1_23&otracker=CLP_MetroExpandable&lid=LSTCAMDZDXHFMVFHZCHFNC08E,Effective Pixels: 20.2 MP,https://www.flipkart.com/canon-eos-70d-body-only-dslr-camera/p/itmdv58eyyxg4bhc?pid=CAMDZDXHFMVFHZCH&srno=b_1_23&otracker=CLP_MetroExpandable&lid=LSTCAMDZDXHFMVFHZCHFNC08E,Sensor Type: CMOS | LCD Size: 3 inch,https://www.flipkart.com/canon-eos-70d-body-only-dslr-camera/p/itmdv58eyyxg4bhc?pid=CAMDZDXHFMVFHZCH&srno=b_1_23&otracker=CLP_MetroExpandable&lid=LSTCAMDZDXHFMVFHZCHFNC08E,Max Shutter Speed: 1/8000,https://www.flipkart.com/canon-eos-70d-body-only-dslr-camera/p/itmdv58eyyxg4bhc?pid=CAMDZDXHFMVFHZCH&srno=b_1_23&otracker=CLP_MetroExpandable&lid=LSTCAMDZDXHFMVFHZCHFNC08E,2 Years Domestic Warranty,https://www.flipkart.com/canon-eos-70d-body-only-dslr-camera/p/itmdv58eyyxg4bhc?pid=CAMDZDXHFMVFHZCH&srno=b_1_23&otracker=CLP_MetroExpandable&lid=LSTCAMDZDXHFMVFHZCHFNC08E
https://www.flipkart.com/cameras/pr?filterNone=true&sid=jek%2Cp31&p%5B%5D=facets.brand%255B%255D%3DCanon&otracker=CLP_MetroExpandable,Add to Compare\nCanon EOS 7D Mark II (Body only) DSLR Camera\nBlack\n4.4★\n4.4\n★\n9 Ratings\n4 Reviews\n5\n★\n7\n4\n★\n1\n3\n★\n0\n2\n★\n0\n1\n★\n1\n9 Ratings & 4 Reviews\nEffective Pixels: 20.2 MP\nSensor Type: CMOS | LCD Size: 3 inch\nMax Shutter Speed: 1/8000\nAuto Focus\n2 Years Canon India Warranty and Free Transit Insurance\n₹113900,Canon EOS 7D Mark II (Body only) DSLR Camera,https://www.flipkart.com/canon-eos-7d-mark-ii-body-only-dslr-camera/p/itme3yq5yphgebz8?pid=CAME3YQ44SXE3SQF&srno=b_1_24&otracker=CLP_MetroExpandable&lid=LSTCAME3YQ44SXE3SQFWWYGBT,Black,4.4,9 Ratings,https://www.flipkart.com/canon-eos-7d-mark-ii-body-only-dslr-camera/p/itme3yq5yphgebz8?pid=CAME3YQ44SXE3SQF&srno=b_1_24&otracker=CLP_MetroExpandable&lid=LSTCAME3YQ44SXE3SQFWWYGBT,4 Reviews,https://www.flipkart.com/canon-eos-7d-mark-ii-body-only-dslr-camera/p/itme3yq5yphgebz8?pid=CAME3YQ44SXE3SQF&srno=b_1_24&otracker=CLP_MetroExpandable&lid=LSTCAME3YQ44SXE3SQFWWYGBT,Effective Pixels: 20.2 MP,https://www.flipkart.com/canon-eos-7d-mark-ii-body-only-dslr-camera/p/itme3yq5yphgebz8?pid=CAME3YQ44SXE3SQF&srno=b_1_24&otracker=CLP_MetroExpandable&lid=LSTCAME3YQ44SXE3SQFWWYGBT,Sensor Type: CMOS | LCD Size: 3 inch,https://www.flipkart.com/canon-eos-7d-mark-ii-body-only-dslr-camera/p/itme3yq5yphgebz8?pid=CAME3YQ44SXE3SQF&srno=b_1_24&otracker=CLP_MetroExpandable&lid=LSTCAME3YQ44SXE3SQFWWYGBT,Max Shutter Speed: 1/8000,https://www.flipkart.com/canon-eos-7d-mark-ii-body-only-dslr-camera/p/itme3yq5yphgebz8?pid=CAME3YQ44SXE3SQF&srno=b_1_24&otracker=CLP_MetroExpandable&lid=LSTCAME3YQ44SXE3SQFWWYGBT,2 Years Canon India Warranty and Free Transit Insurance,https://www.flipkart.com/canon-eos-7d-mark-ii-body-only-dslr-camera/p/itme3yq5yphgebz8?pid=CAME3YQ44SXE3SQF&srno=b_1_24&otracker=CLP_MetroExpandable&lid=LSTCAME3YQ44SXE3SQFWWYGBT
https://www.flipkart.com/cameras/pr?filterNone=true&sid=jek%2Cp31&p%5B%5D=facets.brand%255B%255D%3DCanon&otracker=CLP_MetroExpandable,Add to Compare\nCanon Powershot SX200 Metal Body Advanced Point & Shoot Camera\nBlack\n4★\n4\n★\n1 Ratings\n0 Reviews\n5\n★\n0\n4\n★\n1\n3\n★\n0\n2\n★\n0\n1\n★\n0\n1 Ratings & 0 Reviews\nEffective Pixels: 12 MP\nOptical Zoom: 12\nSensor Type: CCD | LCD Size: 2.7 inch\nMax Shutter Speed: 1/1/2000\n2 Years Canon India Warranty and Free Transit Insurance\n₹19990,Canon Powershot SX200 Metal Body Advanced Point & Shoot Camera,https://www.flipkart.com/canon-powershot-sx200-metal-body-advanced-point-shoot-camera/p/itmedpah3g6hhpsy?pid=CAMEDPAHZES8QKCJ&srno=b_1_25&otracker=CLP_MetroExpandable&lid=LSTCAMEDPAHZES8QKCJGJWG7S,Black,4,1 Ratings,https://www.flipkart.com/canon-powershot-sx200-metal-body-advanced-point-shoot-camera/p/itmedpah3g6hhpsy?pid=CAMEDPAHZES8QKCJ&srno=b_1_25&otracker=CLP_MetroExpandable&lid=LSTCAMEDPAHZES8QKCJGJWG7S,0 Reviews,https://www.flipkart.com/canon-powershot-sx200-metal-body-advanced-point-shoot-camera/p/itmedpah3g6hhpsy?pid=CAMEDPAHZES8QKCJ&srno=b_1_25&otracker=CLP_MetroExpandable&lid=LSTCAMEDPAHZES8QKCJGJWG7S,Effective Pixels: 12 MP,https://www.flipkart.com/canon-powershot-sx200-metal-body-advanced-point-shoot-camera/p/itmedpah3g6hhpsy?pid=CAMEDPAHZES8QKCJ&srno=b_1_25&otracker=CLP_MetroExpandable&lid=LSTCAMEDPAHZES8QKCJGJWG7S,Optical Zoom: 12,https://www.flipkart.com/canon-powershot-sx200-metal-body-advanced-point-shoot-camera/p/itmedpah3g6hhpsy?pid=CAMEDPAHZES8QKCJ&srno=b_1_25&otracker=CLP_MetroExpandable&lid=LSTCAMEDPAHZES8QKCJGJWG7S,Sensor Type: CCD | LCD Size: 2.7 inch,https://www.flipkart.com/canon-powershot-sx200-metal-body-advanced-point-shoot-camera/p/itmedpah3g6hhpsy?pid=CAMEDPAHZES8QKCJ&srno=b_1_25&otracker=CLP_MetroExpandable&lid=LSTCAMEDPAHZES8QKCJGJWG7S,2 Years Canon India Warranty and Free Transit Insurance,https://www.flipkart.com/canon-powershot-sx200-metal-body-advanced-point-shoot-camera/p/itmedpah3g6hhpsy?pid=CAMEDPAHZES8QKCJ&srno=b_1_25&otracker=CLP_MetroExpandable&lid=LSTCAMEDPAHZES8QKCJGJWG7S
https://www.flipkart.com/cameras/pr?filterNone=true&sid=jek%2Cp31&p%5B%5D=facets.brand%255B%255D%3DCanon&otracker=CLP_MetroExpandable,Add to Compare\nCanon EOS 7D (Body with EF-S 18-135 mm IS II Lens) DSLR Camera\nBlack\n4.5★\n4.5\n★\n67 Ratings\n13 Reviews\n5\n★\n52\n4\n★\n8\n3\n★\n1\n2\n★\n1\n1\n★\n5\n67 Ratings & 13 Reviews\nEffective Pixels: 18 MP\nSensor Type: CMOS | LCD Size: 3 inch\nMax Shutter Speed: 1/8000\nAuto Focus\n2 Years Canon India Warranty and Free Transit Insurance\n₹113995,Canon EOS 7D (Body with EF-S 18-135 mm IS II Lens) DSLR Camera,https://www.flipkart.com/canon-eos-7d-body-ef-s-18-135-mm-ii-lens-dslr-camera/p/itmduzhs62re8hfv?pid=CAMCWFPZWUZZW6YZ&srno=b_1_26&otracker=CLP_MetroExpandable&lid=LSTCAMCWFPZWUZZW6YZECMHNQ,Black,4.5,67 Ratings,https://www.flipkart.com/canon-eos-7d-body-ef-s-18-135-mm-ii-lens-dslr-camera/p/itmduzhs62re8hfv?pid=CAMCWFPZWUZZW6YZ&srno=b_1_26&otracker=CLP_MetroExpandable&lid=LSTCAMCWFPZWUZZW6YZECMHNQ,13 Reviews,https://www.flipkart.com/canon-eos-7d-body-ef-s-18-135-mm-ii-lens-dslr-camera/p/itmduzhs62re8hfv?pid=CAMCWFPZWUZZW6YZ&srno=b_1_26&otracker=CLP_MetroExpandable&lid=LSTCAMCWFPZWUZZW6YZECMHNQ,Effective Pixels: 18 MP,https://www.flipkart.com/canon-eos-7d-body-ef-s-18-135-mm-ii-lens-dslr-camera/p/itmduzhs62re8hfv?pid=CAMCWFPZWUZZW6YZ&srno=b_1_26&otracker=CLP_MetroExpandable&lid=LSTCAMCWFPZWUZZW6YZECMHNQ,Sensor Type: CMOS | LCD Size: 3 inch,https://www.flipkart.com/canon-eos-7d-body-ef-s-18-135-mm-ii-lens-dslr-camera/p/itmduzhs62re8hfv?pid=CAMCWFPZWUZZW6YZ&srno=b_1_26&otracker=CLP_MetroExpandable&lid=LSTCAMCWFPZWUZZW6YZECMHNQ,Max Shutter Speed: 1/8000,https://www.flipkart.com/canon-eos-7d-body-ef-s-18-135-mm-ii-lens-dslr-camera/p/itmduzhs62re8hfv?pid=CAMCWFPZWUZZW6YZ&srno=b_1_26&otracker=CLP_MetroExpandable&lid=LSTCAMCWFPZWUZZW6YZECMHNQ,2 Years Canon India Warranty and Free Transit Insurance,https://www.flipkart.com/canon-eos-7d-body-ef-s-18-135-mm-ii-lens-dslr-camera/p/itmduzhs62re8hfv?pid=CAMCWFPZWUZZW6YZ&srno=b_1_26&otracker=CLP_MetroExpandable&lid=LSTCAMCWFPZWUZZW6YZECMHNQ
https://www.flipkart.com/cameras/pr?filterNone=true&sid=jek%2Cp31&p%5B%5D=facets.brand%255B%255D%3DCanon&otracker=CLP_MetroExpandable,Add to Compare\nCanon EOS 750D (Body only) DSLR Camera\nBlack\n4.3★\n4.3\n★\n26 Ratings\n2 Reviews\n5\n★\n19\n4\n★\n3\n3\n★\n1\n2\n★\n0\n1\n★\n3\n26 Ratings & 2 Reviews\nEffective Pixels: 24.2 MP\nSensor Type: CMOS | LCD Size: 3 inch\nMax Shutter Speed: 1/4000\nAuto Focus\n2 Years Canon India Warranty and Free Transit Insurance\n₹46950,Canon EOS 750D (Body only) DSLR Camera,https://www.flipkart.com/canon-eos-750d-body-only-dslr-camera/p/itme77r35eyhhpgm?pid=CAME77R3ZCDPYKDH&srno=b_1_27&otracker=CLP_MetroExpandable&lid=LSTCAME77R3ZCDPYKDHF16XGH,Black,4.3,26 Ratings,https://www.flipkart.com/canon-eos-750d-body-only-dslr-camera/p/itme77r35eyhhpgm?pid=CAME77R3ZCDPYKDH&srno=b_1_27&otracker=CLP_MetroExpandable&lid=LSTCAME77R3ZCDPYKDHF16XGH,2 Reviews,https://www.flipkart.com/canon-eos-750d-body-only-dslr-camera/p/itme77r35eyhhpgm?pid=CAME77R3ZCDPYKDH&srno=b_1_27&otracker=CLP_MetroExpandable&lid=LSTCAME77R3ZCDPYKDHF16XGH,Effective Pixels: 24.2 MP,https://www.flipkart.com/canon-eos-750d-body-only-dslr-camera/p/itme77r35eyhhpgm?pid=CAME77R3ZCDPYKDH&srno=b_1_27&otracker=CLP_MetroExpandable&lid=LSTCAME77R3ZCDPYKDHF16XGH,Sensor Type: CMOS | LCD Size: 3 inch,https://www.flipkart.com/canon-eos-750d-body-only-dslr-camera/p/itme77r35eyhhpgm?pid=CAME77R3ZCDPYKDH&srno=b_1_27&otracker=CLP_MetroExpandable&lid=LSTCAME77R3ZCDPYKDHF16XGH,Max Shutter Speed: 1/4000,https://www.flipkart.com/canon-eos-750d-body-only-dslr-camera/p/itme77r35eyhhpgm?pid=CAME77R3ZCDPYKDH&srno=b_1_27&otracker=CLP_MetroExpandable&lid=LSTCAME77R3ZCDPYKDHF16XGH,2 Years Canon India Warranty and Free Transit Insurance,https://www.flipkart.com/canon-eos-750d-body-only-dslr-camera/p/itme77r35eyhhpgm?pid=CAME77R3ZCDPYKDH&srno=b_1_27&otracker=CLP_MetroExpandable&lid=LSTCAME77R3ZCDPYKDHF16XGH
https://www.flipkart.com/cameras/pr?filterNone=true&sid=jek%2Cp31&p%5B%5D=facets.brand%255B%255D%3DCanon&otracker=CLP_MetroExpandable,Add to Compare\nCanon PowerShot G3 X Point & Shoot Camera\nBlack\n5★\n5\n★\n2 Ratings\n0 Reviews\n5\n★\n2\n4\n★\n0\n3\n★\n0\n2\n★\n0\n1\n★\n0\n2 Ratings & 0 Reviews\nEffective Pixels: 20.2 MP\nOptical Zoom: 25\nSensor Type: CMOS | LCD Size: 3.2 inch\nMax Shutter Speed: 1/2000\nAuto Focus\n2 Years Canon India Warranty and Free Transit Insurance\n₹54890,Canon PowerShot G3 X Point & Shoot Camera,https://www.flipkart.com/canon-powershot-g3-x-point-shoot-camera/p/itmedgf6hyuwbmqq?pid=CAMEDGF6QY9MCF76&srno=b_1_28&otracker=CLP_MetroExpandable&lid=LSTCAMEDGF6QY9MCF76U6DM7O,Black,5,2 Ratings,https://www.flipkart.com/canon-powershot-g3-x-point-shoot-camera/p/itmedgf6hyuwbmqq?pid=CAMEDGF6QY9MCF76&srno=b_1_28&otracker=CLP_MetroExpandable&lid=LSTCAMEDGF6QY9MCF76U6DM7O,0 Reviews,https://www.flipkart.com/canon-powershot-g3-x-point-shoot-camera/p/itmedgf6hyuwbmqq?pid=CAMEDGF6QY9MCF76&srno=b_1_28&otracker=CLP_MetroExpandable&lid=LSTCAMEDGF6QY9MCF76U6DM7O,Effective Pixels: 20.2 MP,https://www.flipkart.com/canon-powershot-g3-x-point-shoot-camera/p/itmedgf6hyuwbmqq?pid=CAMEDGF6QY9MCF76&srno=b_1_28&otracker=CLP_MetroExpandable&lid=LSTCAMEDGF6QY9MCF76U6DM7O,Optical Zoom: 25,https://www.flipkart.com/canon-powershot-g3-x-point-shoot-camera/p/itmedgf6hyuwbmqq?pid=CAMEDGF6QY9MCF76&srno=b_1_28&otracker=CLP_MetroExpandable&lid=LSTCAMEDGF6QY9MCF76U6DM7O,Sensor Type: CMOS | LCD Size: 3.2 inch,https://www.flipkart.com/canon-powershot-g3-x-point-shoot-camera/p/itmedgf6hyuwbmqq?pid=CAMEDGF6QY9MCF76&srno=b_1_28&otracker=CLP_MetroExpandable&lid=LSTCAMEDGF6QY9MCF76U6DM7O,Auto Focus,https://www.flipkart.com/canon-powershot-g3-x-point-shoot-camera/p/itmedgf6hyuwbmqq?pid=CAMEDGF6QY9MCF76&srno=b_1_28&otracker=CLP_MetroExpandable&lid=LSTCAMEDGF6QY9MCF76U6DM7O
https://www.flipkart.com/cameras/pr?filterNone=true&sid=jek%2Cp31&p%5B%5D=facets.brand%255B%255D%3DCanon&otracker=CLP_MetroExpandable,Add to Compare\nCanon EOS 600D (Body with EF-S 18-135 mm IS II Lens) (Body with EF-S 18-135 mm IS II Lens) DSLR Camera\nBlack\n4.6★\n4.6\n★\n141 Ratings\n44 Reviews\n5\n★\n107\n4\n★\n24\n3\n★\n3\n2\n★\n1\n1\n★\n6\n141 Ratings & 44 Reviews\nEffective Pixels: 18 MP\nSensor Type: CMOS | LCD Size: 3 inch\nMax Shutter Speed: 1/4000\nAuto Focus\n2 Years Canon India Warranty and Free Transit Insurance\n₹50999,Canon EOS 600D (Body with EF-S 18-135 mm IS II Lens) (Body with EF-S 18-135 mm IS II Lens) DSLR Camera,https://www.flipkart.com/canon-eos-600d-body-ef-s-18-135-mm-ii-lens-dslr-camera/p/itmdv58gkvcrgfyj?pid=CAMCWKZSRESZWHPM&srno=b_1_29&otracker=CLP_MetroExpandable&lid=LSTCAMCWKZSRESZWHPMQXJFQG,Black,4.6,141 Ratings,https://www.flipkart.com/canon-eos-600d-body-ef-s-18-135-mm-ii-lens-dslr-camera/p/itmdv58gkvcrgfyj?pid=CAMCWKZSRESZWHPM&srno=b_1_29&otracker=CLP_MetroExpandable&lid=LSTCAMCWKZSRESZWHPMQXJFQG,44 Reviews,https://www.flipkart.com/canon-eos-600d-body-ef-s-18-135-mm-ii-lens-dslr-camera/p/itmdv58gkvcrgfyj?pid=CAMCWKZSRESZWHPM&srno=b_1_29&otracker=CLP_MetroExpandable&lid=LSTCAMCWKZSRESZWHPMQXJFQG,Effective Pixels: 18 MP,https://www.flipkart.com/canon-eos-600d-body-ef-s-18-135-mm-ii-lens-dslr-camera/p/itmdv58gkvcrgfyj?pid=CAMCWKZSRESZWHPM&srno=b_1_29&otracker=CLP_MetroExpandable&lid=LSTCAMCWKZSRESZWHPMQXJFQG,Sensor Type: CMOS | LCD Size: 3 inch,https://www.flipkart.com/canon-eos-600d-body-ef-s-18-135-mm-ii-lens-dslr-camera/p/itmdv58gkvcrgfyj?pid=CAMCWKZSRESZWHPM&srno=b_1_29&otracker=CLP_MetroExpandable&lid=LSTCAMCWKZSRESZWHPMQXJFQG,Max Shutter Speed: 1/4000,https://www.flipkart.com/canon-eos-600d-body-ef-s-18-135-mm-ii-lens-dslr-camera/p/itmdv58gkvcrgfyj?pid=CAMCWKZSRESZWHPM&srno=b_1_29&otracker=CLP_MetroExpandable&lid=LSTCAMCWKZSRESZWHPMQXJFQG,2 Years Canon India Warranty and Free Transit Insurance,https://www.flipkart.com/canon-eos-600d-body-ef-s-18-135-mm-ii-lens-dslr-camera/p/itmdv58gkvcrgfyj?pid=CAMCWKZSRESZWHPM&srno=b_1_29&otracker=CLP_MetroExpandable&lid=LSTCAMCWKZSRESZWHPMQXJFQG
https://www.flipkart.com/cameras/pr?filterNone=true&sid=jek%2Cp31&p%5B%5D=facets.brand%255B%255D%3DCanon&otracker=CLP_MetroExpandable,Add to Compare\nCanon EOS 5D Mark III (Kit Body with EF 24-105 mm f/4L IS USM) DSLR Camera\n4.2★\n4.2\n★\n60 Ratings\n16 Reviews\n5\n★\n43\n4\n★\n4\n3\n★\n4\n2\n★\n1\n1\n★\n8\n60 Ratings & 16 Reviews\nEffective Pixels: 22.3 MP\nSensor Type: CMOS | LCD Size: 3.2 inch\nMax Shutter Speed: 1/8000\nAuto Focus\n2 Years Canon India Warranty\n₹211900,Canon EOS 5D Mark III (Kit Body with EF 24-105 mm f/4L IS USM) DSLR Camera,https://www.flipkart.com/canon-eos-5d-mark-iii-kit-body-ef-24-105-mm-f-4l-usm-dslr-camera/p/itmd8yvy65kqbhy3?pid=CAMD8YVYGMV5YSJW&srno=b_1_30&otracker=CLP_MetroExpandable&lid=LSTCAMD8YVYGMV5YSJWJXFGPY,,4.2,60 Ratings,https://www.flipkart.com/canon-eos-5d-mark-iii-kit-body-ef-24-105-mm-f-4l-usm-dslr-camera/p/itmd8yvy65kqbhy3?pid=CAMD8YVYGMV5YSJW&srno=b_1_30&otracker=CLP_MetroExpandable&lid=LSTCAMD8YVYGMV5YSJWJXFGPY,16 Reviews,https://www.flipkart.com/canon-eos-5d-mark-iii-kit-body-ef-24-105-mm-f-4l-usm-dslr-camera/p/itmd8yvy65kqbhy3?pid=CAMD8YVYGMV5YSJW&srno=b_1_30&otracker=CLP_MetroExpandable&lid=LSTCAMD8YVYGMV5YSJWJXFGPY,Effective Pixels: 22.3 MP,https://www.flipkart.com/canon-eos-5d-mark-iii-kit-body-ef-24-105-mm-f-4l-usm-dslr-camera/p/itmd8yvy65kqbhy3?pid=CAMD8YVYGMV5YSJW&srno=b_1_30&otracker=CLP_MetroExpandable&lid=LSTCAMD8YVYGMV5YSJWJXFGPY,Sensor Type: CMOS | LCD Size: 3.2 inch,https://www.flipkart.com/canon-eos-5d-mark-iii-kit-body-ef-24-105-mm-f-4l-usm-dslr-camera/p/itmd8yvy65kqbhy3?pid=CAMD8YVYGMV5YSJW&srno=b_1_30&otracker=CLP_MetroExpandable&lid=LSTCAMD8YVYGMV5YSJWJXFGPY,Max Shutter Speed: 1/8000,https://www.flipkart.com/canon-eos-5d-mark-iii-kit-body-ef-24-105-mm-f-4l-usm-dslr-camera/p/itmd8yvy65kqbhy3?pid=CAMD8YVYGMV5YSJW&srno=b_1_30&otracker=CLP_MetroExpandable&lid=LSTCAMD8YVYGMV5YSJWJXFGPY,2 Years Canon India Warranty,https://www.flipkart.com/canon-eos-5d-mark-iii-kit-body-ef-24-105-mm-f-4l-usm-dslr-camera/p/itmd8yvy65kqbhy3?pid=CAMD8YVYGMV5YSJW&srno=b_1_30&otracker=CLP_MetroExpandable&lid=LSTCAMD8YVYGMV5YSJWJXFGPY
https://www.flipkart.com/cameras/pr?filterNone=true&sid=jek%2Cp31&p%5B%5D=facets.brand%255B%255D%3DCanon&otracker=CLP_MetroExpandable,Add to Compare\nCanon IXUS 175 Point & Shoot Camera\nRed\n3.7★\n3.7\n★\n50 Ratings\n4 Reviews\n5\n★\n14\n4\n★\n18\n3\n★\n10\n2\n★\n3\n1\n★\n5\n50 Ratings & 4 Reviews\nEffective Pixels: 20 MP\nOptical Zoom: 8x\nLCD Size: 2.7 inch\nMax Shutter Speed: 1/2000\nAuto Focus\n2 Years Canon India Warranty\n₹6995,https://www.flipkart.com/canon-ixus-175-point-shoot-camera/p/itmeeyk8qznvtgnr?pid=CAMEEYK8UVZSJ7CF&srno=b_1_31&otracker=CLP_MetroExpandable&lid=LSTCAMEEYK8UVZSJ7CFJ8SC7C,Canon IXUS 175 Point & Shoot Camera,https://www.flipkart.com/canon-ixus-175-point-shoot-camera/p/itmeeyk8qznvtgnr?pid=CAMEEYK8UVZSJ7CF&srno=b_1_31&otracker=CLP_MetroExpandable&lid=LSTCAMEEYK8UVZSJ7CFJ8SC7C,https://www.flipkart.com/canon-ixus-175-point-shoot-camera/p/itmeeyk8qznvtgnr?pid=CAMEEYK8UVZSJ7CF&srno=b_1_31&otracker=CLP_MetroExpandable&lid=LSTCAMEEYK8UVZSJ7CFJ8SC7C,https://www.flipkart.com/canon-ixus-175-point-shoot-camera/p/itmeeyk8qznvtgnr?pid=CAMEEYK8UVZSJ7CF&srno=b_1_31&otracker=CLP_MetroExpandable&lid=LSTCAMEEYK8UVZSJ7CFJ8SC7C,50 Ratings,https://www.flipkart.com/canon-ixus-175-point-shoot-camera/p/itmeeyk8qznvtgnr?pid=CAMEEYK8UVZSJ7CF&srno=b_1_31&otracker=CLP_MetroExpandable&lid=LSTCAMEEYK8UVZSJ7CFJ8SC7C,4 Reviews,https://www.flipkart.com/canon-ixus-175-point-shoot-camera/p/itmeeyk8qznvtgnr?pid=CAMEEYK8UVZSJ7CF&srno=b_1_31&otracker=CLP_MetroExpandable&lid=LSTCAMEEYK8UVZSJ7CFJ8SC7C,Effective Pixels: 20 MP,https://www.flipkart.com/canon-ixus-175-point-shoot-camera/p/itmeeyk8qznvtgnr?pid=CAMEEYK8UVZSJ7CF&srno=b_1_31&otracker=CLP_MetroExpandable&lid=LSTCAMEEYK8UVZSJ7CFJ8SC7C,Optical Zoom: 8x,https://www.flipkart.com/canon-ixus-175-point-shoot-camera/p/itmeeyk8qznvtgnr?pid=CAMEEYK8UVZSJ7CF&srno=b_1_31&otracker=CLP_MetroExpandable&lid=LSTCAMEEYK8UVZSJ7CFJ8SC7C,LCD Size: 2.7 inch,https://www.flipkart.com/canon-ixus-175-point-shoot-camera/p/itmeeyk8qznvtgnr?pid=CAMEEYK8UVZSJ7CF&srno=b_1_31&otracker=CLP_MetroExpandable&lid=LSTCAMEEYK8UVZSJ7CFJ8SC7C,Auto Focus
https://www.flipkart.com/cameras/pr?filterNone=true&sid=jek%2Cp31&p%5B%5D=facets.brand%255B%255D%3DCanon&otracker=CLP_MetroExpandable,Add to Compare\nCanon IXUS 285 Point & Shoot Camera\nBlack\n3★\n3\n★\n9 Ratings\n1 Reviews\n5\n★\n2\n4\n★\n2\n3\n★\n2\n2\n★\n0\n1\n★\n3\n9 Ratings & 1 Reviews\nEffective Pixels: 20.2 MP\nOptical Zoom: 12x\nLCD Size: 3 inch\nMax Shutter Speed: 1/2000\nAuto Focus\n2 Years Canon India Warranty and Free Transit Insurance\n₹12350,Canon IXUS 285 Point & Shoot Camera,https://www.flipkart.com/canon-ixus-285-point-shoot-camera/p/itmeeztepyszthmd?pid=CAMEEZTDEQRHJHDB&srno=b_1_32&otracker=CLP_MetroExpandable&lid=LSTCAMEEZTDEQRHJHDBT8DTDX,Black,3,9 Ratings,https://www.flipkart.com/canon-ixus-285-point-shoot-camera/p/itmeeztepyszthmd?pid=CAMEEZTDEQRHJHDB&srno=b_1_32&otracker=CLP_MetroExpandable&lid=LSTCAMEEZTDEQRHJHDBT8DTDX,1 Reviews,https://www.flipkart.com/canon-ixus-285-point-shoot-camera/p/itmeeztepyszthmd?pid=CAMEEZTDEQRHJHDB&srno=b_1_32&otracker=CLP_MetroExpandable&lid=LSTCAMEEZTDEQRHJHDBT8DTDX,Effective Pixels: 20.2 MP,https://www.flipkart.com/canon-ixus-285-point-shoot-camera/p/itmeeztepyszthmd?pid=CAMEEZTDEQRHJHDB&srno=b_1_32&otracker=CLP_MetroExpandable&lid=LSTCAMEEZTDEQRHJHDBT8DTDX,Optical Zoom: 12x,https://www.flipkart.com/canon-ixus-285-point-shoot-camera/p/itmeeztepyszthmd?pid=CAMEEZTDEQRHJHDB&srno=b_1_32&otracker=CLP_MetroExpandable&lid=LSTCAMEEZTDEQRHJHDBT8DTDX,LCD Size: 3 inch,https://www.flipkart.com/canon-ixus-285-point-shoot-camera/p/itmeeztepyszthmd?pid=CAMEEZTDEQRHJHDB&srno=b_1_32&otracker=CLP_MetroExpandable&lid=LSTCAMEEZTDEQRHJHDBT8DTDX,Auto Focus,https://www.flipkart.com/canon-ixus-285-point-shoot-camera/p/itmeeztepyszthmd?pid=CAMEEZTDEQRHJHDB&srno=b_1_32&otracker=CLP_MetroExpandable&lid=LSTCAMEEZTDEQRHJHDBT8DTDX
https://www.flipkart.com/cameras/pr?filterNone=true&sid=jek%2Cp31&p%5B%5D=facets.brand%255B%255D%3DCanon&otracker=CLP_MetroExpandable,Add to Compare\nCanon IXUS 285 HS Point & Shoot Camera\nSilver\n3.5★\n3.5\n★\n8 Ratings\n1 Reviews\n5\n★\n4\n4\n★\n1\n3\n★\n0\n2\n★\n1\n1\n★\n2\n8 Ratings & 1 Reviews\nEffective Pixels: 20.2 MP\nOptical Zoom: 12x\nLCD Size: 3 inch\nMax Shutter Speed: 1/2000\nAuto Focus\n2 Years Canon India Warranty\n₹12500,https://www.flipkart.com/canon-ixus-285-hs-point-shoot-camera/p/itmekzac6tqkgszd?pid=CAMEEZTDFGZC88RG&srno=b_1_33&otracker=CLP_MetroExpandable&lid=LSTCAMEEZTDFGZC88RGMOQEQP,Canon IXUS 285 HS Point & Shoot Camera,https://www.flipkart.com/canon-ixus-285-hs-point-shoot-camera/p/itmekzac6tqkgszd?pid=CAMEEZTDFGZC88RG&srno=b_1_33&otracker=CLP_MetroExpandable&lid=LSTCAMEEZTDFGZC88RGMOQEQP,https://www.flipkart.com/canon-ixus-285-hs-point-shoot-camera/p/itmekzac6tqkgszd?pid=CAMEEZTDFGZC88RG&srno=b_1_33&otracker=CLP_MetroExpandable&lid=LSTCAMEEZTDFGZC88RGMOQEQP,https://www.flipkart.com/canon-ixus-285-hs-point-shoot-camera/p/itmekzac6tqkgszd?pid=CAMEEZTDFGZC88RG&srno=b_1_33&otracker=CLP_MetroExpandable&lid=LSTCAMEEZTDFGZC88RGMOQEQP,8 Ratings,https://www.flipkart.com/canon-ixus-285-hs-point-shoot-camera/p/itmekzac6tqkgszd?pid=CAMEEZTDFGZC88RG&srno=b_1_33&otracker=CLP_MetroExpandable&lid=LSTCAMEEZTDFGZC88RGMOQEQP,1 Reviews,https://www.flipkart.com/canon-ixus-285-hs-point-shoot-camera/p/itmekzac6tqkgszd?pid=CAMEEZTDFGZC88RG&srno=b_1_33&otracker=CLP_MetroExpandable&lid=LSTCAMEEZTDFGZC88RGMOQEQP,Effective Pixels: 20.2 MP,https://www.flipkart.com/canon-ixus-285-hs-point-shoot-camera/p/itmekzac6tqkgszd?pid=CAMEEZTDFGZC88RG&srno=b_1_33&otracker=CLP_MetroExpandable&lid=LSTCAMEEZTDFGZC88RGMOQEQP,Optical Zoom: 12x,https://www.flipkart.com/canon-ixus-285-hs-point-shoot-camera/p/itmekzac6tqkgszd?pid=CAMEEZTDFGZC88RG&srno=b_1_33&otracker=CLP_MetroExpandable&lid=LSTCAMEEZTDFGZC88RGMOQEQP,LCD Size: 3 inch,https://www.flipkart.com/canon-ixus-285-hs-point-shoot-camera/p/itmekzac6tqkgszd?pid=CAMEEZTDFGZC88RG&srno=b_1_33&otracker=CLP_MetroExpandable&lid=LSTCAMEEZTDFGZC88RGMOQEQP,Auto Focus
https://www.flipkart.com/cameras/pr?filterNone=true&sid=jek%2Cp31&p%5B%5D=facets.brand%255B%255D%3DCanon&otracker=CLP_MetroExpandable,Add to Compare\nCanon PowerShot SX420 IS Point & Shoot Camera\nBlack\n3.1★\n3.1\n★\n22 Ratings\n4 Reviews\n5\n★\n8\n4\n★\n1\n3\n★\n4\n2\n★\n3\n1\n★\n6\n22 Ratings & 4 Reviews\nEffective Pixels: 20 MP\nOptical Zoom: 42x\nLCD Size: 3 inch\nMax Shutter Speed: 1/4000\nAuto Focus\n2 Years Canon India Warranty and Free Transit Insurance\n₹15395,Canon PowerShot SX420 IS Point & Shoot Camera,https://www.flipkart.com/canon-powershot-sx420-point-shoot-camera/p/itmehb8kpsezkkbm?pid=CAMEHB8KPV9VB2HB&srno=b_1_34&otracker=CLP_MetroExpandable&lid=LSTCAMEHB8KPV9VB2HBLHQO9K,Black,3.1,22 Ratings,https://www.flipkart.com/canon-powershot-sx420-point-shoot-camera/p/itmehb8kpsezkkbm?pid=CAMEHB8KPV9VB2HB&srno=b_1_34&otracker=CLP_MetroExpandable&lid=LSTCAMEHB8KPV9VB2HBLHQO9K,4 Reviews,https://www.flipkart.com/canon-powershot-sx420-point-shoot-camera/p/itmehb8kpsezkkbm?pid=CAMEHB8KPV9VB2HB&srno=b_1_34&otracker=CLP_MetroExpandable&lid=LSTCAMEHB8KPV9VB2HBLHQO9K,Effective Pixels: 20 MP,https://www.flipkart.com/canon-powershot-sx420-point-shoot-camera/p/itmehb8kpsezkkbm?pid=CAMEHB8KPV9VB2HB&srno=b_1_34&otracker=CLP_MetroExpandable&lid=LSTCAMEHB8KPV9VB2HBLHQO9K,Optical Zoom: 42x,https://www.flipkart.com/canon-powershot-sx420-point-shoot-camera/p/itmehb8kpsezkkbm?pid=CAMEHB8KPV9VB2HB&srno=b_1_34&otracker=CLP_MetroExpandable&lid=LSTCAMEHB8KPV9VB2HBLHQO9K,LCD Size: 3 inch,https://www.flipkart.com/canon-powershot-sx420-point-shoot-camera/p/itmehb8kpsezkkbm?pid=CAMEHB8KPV9VB2HB&srno=b_1_34&otracker=CLP_MetroExpandable&lid=LSTCAMEHB8KPV9VB2HBLHQO9K,Auto Focus,https://www.flipkart.com/canon-powershot-sx420-point-shoot-camera/p/itmehb8kpsezkkbm?pid=CAMEHB8KPV9VB2HB&srno=b_1_34&otracker=CLP_MetroExpandable&lid=LSTCAMEHB8KPV9VB2HBLHQO9K
https://www.flipkart.com/cameras/pr?filterNone=true&sid=jek%2Cp31&p%5B%5D=facets.brand%255B%255D%3DCanon&otracker=CLP_MetroExpandable,Add to Compare\nCanon EOS 6D DSLR Camera\nBlack\n3.7★\n3.7\n★\n43 Ratings\n8 Reviews\n5\n★\n26\n4\n★\n2\n3\n★\n1\n2\n★\n2\n1\n★\n12\n43 Ratings & 8 Reviews\nEffective Pixels: 20.2 MP\nLCD Size: 3 inch\n₹110995,https://www.flipkart.com/canon-eos-6d-dslr-camera/p/itmdmhp86bgh3hcr?pid=CAMDMHP8QMQGKQUU&srno=b_1_35&otracker=CLP_MetroExpandable&lid=LSTCAMDMHP8QMQGKQUUOL58XC,Canon EOS 6D DSLR Camera,https://www.flipkart.com/canon-eos-6d-dslr-camera/p/itmdmhp86bgh3hcr?pid=CAMDMHP8QMQGKQUU&srno=b_1_35&otracker=CLP_MetroExpandable&lid=LSTCAMDMHP8QMQGKQUUOL58XC,https://www.flipkart.com/canon-eos-6d-dslr-camera/p/itmdmhp86bgh3hcr?pid=CAMDMHP8QMQGKQUU&srno=b_1_35&otracker=CLP_MetroExpandable&lid=LSTCAMDMHP8QMQGKQUUOL58XC,https://www.flipkart.com/canon-eos-6d-dslr-camera/p/itmdmhp86bgh3hcr?pid=CAMDMHP8QMQGKQUU&srno=b_1_35&otracker=CLP_MetroExpandable&lid=LSTCAMDMHP8QMQGKQUUOL58XC,43 Ratings,https://www.flipkart.com/canon-eos-6d-dslr-camera/p/itmdmhp86bgh3hcr?pid=CAMDMHP8QMQGKQUU&srno=b_1_35&otracker=CLP_MetroExpandable&lid=LSTCAMDMHP8QMQGKQUUOL58XC,8 Reviews,https://www.flipkart.com/canon-eos-6d-dslr-camera/p/itmdmhp86bgh3hcr?pid=CAMDMHP8QMQGKQUU&srno=b_1_35&otracker=CLP_MetroExpandable&lid=LSTCAMDMHP8QMQGKQUUOL58XC,Effective Pixels: 20.2 MP,https://www.flipkart.com/canon-eos-6d-dslr-camera/p/itmdmhp86bgh3hcr?pid=CAMDMHP8QMQGKQUU&srno=b_1_35&otracker=CLP_MetroExpandable&lid=LSTCAMDMHP8QMQGKQUUOL58XC,LCD Size: 3 inch,https://www.flipkart.com/canon-eos-6d-dslr-camera/p/itmdmhp86bgh3hcr?pid=CAMDMHP8QMQGKQUU&srno=b_1_35&otracker=CLP_MetroExpandable&lid=LSTCAMDMHP8QMQGKQUUOL58XC,,,
https://www.flipkart.com/cameras/pr?filterNone=true&sid=jek%2Cp31&p%5B%5D=facets.brand%255B%255D%3DCanon&otracker=CLP_MetroExpandable,Add to Compare\nCanon EOS 760D (Kit with EF-S 18 - 135 mm IS STM) DSLR Camera\nBlack\n3.7★\n3.7\n★\n15 Ratings\n2 Reviews\n5\n★\n8\n4\n★\n2\n3\n★\n0\n2\n★\n2\n1\n★\n3\n15 Ratings & 2 Reviews\nEffective Pixels: 24.2 MP\nSensor Type: CMOS | LCD Size: 3 inch\nMax Shutter Speed: 1/4000\nAuto Focus\n2 Years Canon India Warranty and Free Transit Insurance\n₹70500,https://www.flipkart.com/canon-eos-760d-kit-ef-s-18-135-mm-stm-dslr-camera/p/itme77r3du7wcvdg?pid=CAME77R3GDPR4TJH&srno=b_1_36&otracker=CLP_MetroExpandable&lid=LSTCAME77R3GDPR4TJH8IPLUL,Canon EOS 760D (Kit with EF-S 18 - 135 mm IS STM) DSLR Camera,https://www.flipkart.com/canon-eos-760d-kit-ef-s-18-135-mm-stm-dslr-camera/p/itme77r3du7wcvdg?pid=CAME77R3GDPR4TJH&srno=b_1_36&otracker=CLP_MetroExpandable&lid=LSTCAME77R3GDPR4TJH8IPLUL,https://www.flipkart.com/canon-eos-760d-kit-ef-s-18-135-mm-stm-dslr-camera/p/itme77r3du7wcvdg?pid=CAME77R3GDPR4TJH&srno=b_1_36&otracker=CLP_MetroExpandable&lid=LSTCAME77R3GDPR4TJH8IPLUL,https://www.flipkart.com/canon-eos-760d-kit-ef-s-18-135-mm-stm-dslr-camera/p/itme77r3du7wcvdg?pid=CAME77R3GDPR4TJH&srno=b_1_36&otracker=CLP_MetroExpandable&lid=LSTCAME77R3GDPR4TJH8IPLUL,15 Ratings,https://www.flipkart.com/canon-eos-760d-kit-ef-s-18-135-mm-stm-dslr-camera/p/itme77r3du7wcvdg?pid=CAME77R3GDPR4TJH&srno=b_1_36&otracker=CLP_MetroExpandable&lid=LSTCAME77R3GDPR4TJH8IPLUL,2 Reviews,https://www.flipkart.com/canon-eos-760d-kit-ef-s-18-135-mm-stm-dslr-camera/p/itme77r3du7wcvdg?pid=CAME77R3GDPR4TJH&srno=b_1_36&otracker=CLP_MetroExpandable&lid=LSTCAME77R3GDPR4TJH8IPLUL,Effective Pixels: 24.2 MP,https://www.flipkart.com/canon-eos-760d-kit-ef-s-18-135-mm-stm-dslr-camera/p/itme77r3du7wcvdg?pid=CAME77R3GDPR4TJH&srno=b_1_36&otracker=CLP_MetroExpandable&lid=LSTCAME77R3GDPR4TJH8IPLUL,Sensor Type: CMOS | LCD Size: 3 inch,https://www.flipkart.com/canon-eos-760d-kit-ef-s-18-135-mm-stm-dslr-camera/p/itme77r3du7wcvdg?pid=CAME77R3GDPR4TJH&srno=b_1_36&otracker=CLP_MetroExpandable&lid=LSTCAME77R3GDPR4TJH8IPLUL,Max Shutter Speed: 1/4000,https://www.flipkart.com/canon-eos-760d-kit-ef-s-18-135-mm-stm-dslr-camera/p/itme77r3du7wcvdg?pid=CAME77R3GDPR4TJH&srno=b_1_36&otracker=CLP_MetroExpandable&lid=LSTCAME77R3GDPR4TJH8IPLUL,2 Years Canon India Warranty and Free Transit Insurance
https://www.flipkart.com/cameras/pr?filterNone=true&sid=jek%2Cp31&p%5B%5D=facets.brand%255B%255D%3DCanon&otracker=CLP_MetroExpandable,Add to Compare\nCanon EOS 7D Mark II (Kit with EF-S18-135 mm f3.5-5.6 IS STM) DSLR Camera\nBlack\n4.4★\n4.4\n★\n9 Ratings\n4 Reviews\n5\n★\n7\n4\n★\n1\n3\n★\n0\n2\n★\n0\n1\n★\n1\n9 Ratings & 4 Reviews\nEffective Pixels: 20.2 MP\nSensor Type: CMOS | LCD Size: 3 inch\nMax Shutter Speed: 1/8000\nAuto Focus\n2 Years Domestic Warranty\n₹132795,https://www.flipkart.com/canon-eos-7d-mark-ii-kit-ef-s18-135-mm-f3-5-5-6-stm-dslr-camera/p/itme3yq5ybesgkvz?pid=CAME3YQ46FSFRHKH&srno=b_1_37&otracker=CLP_MetroExpandable&lid=LSTCAME3YQ46FSFRHKHROQ8NS,Canon EOS 7D Mark II (Kit with EF-S18-135 mm f3.5-5.6 IS STM) DSLR Camera,https://www.flipkart.com/canon-eos-7d-mark-ii-kit-ef-s18-135-mm-f3-5-5-6-stm-dslr-camera/p/itme3yq5ybesgkvz?pid=CAME3YQ46FSFRHKH&srno=b_1_37&otracker=CLP_MetroExpandable&lid=LSTCAME3YQ46FSFRHKHROQ8NS,https://www.flipkart.com/canon-eos-7d-mark-ii-kit-ef-s18-135-mm-f3-5-5-6-stm-dslr-camera/p/itme3yq5ybesgkvz?pid=CAME3YQ46FSFRHKH&srno=b_1_37&otracker=CLP_MetroExpandable&lid=LSTCAME3YQ46FSFRHKHROQ8NS,https://www.flipkart.com/canon-eos-7d-mark-ii-kit-ef-s18-135-mm-f3-5-5-6-stm-dslr-camera/p/itme3yq5ybesgkvz?pid=CAME3YQ46FSFRHKH&srno=b_1_37&otracker=CLP_MetroExpandable&lid=LSTCAME3YQ46FSFRHKHROQ8NS,9 Ratings,https://www.flipkart.com/canon-eos-7d-mark-ii-kit-ef-s18-135-mm-f3-5-5-6-stm-dslr-camera/p/itme3yq5ybesgkvz?pid=CAME3YQ46FSFRHKH&srno=b_1_37&otracker=CLP_MetroExpandable&lid=LSTCAME3YQ46FSFRHKHROQ8NS,4 Reviews,https://www.flipkart.com/canon-eos-7d-mark-ii-kit-ef-s18-135-mm-f3-5-5-6-stm-dslr-camera/p/itme3yq5ybesgkvz?pid=CAME3YQ46FSFRHKH&srno=b_1_37&otracker=CLP_MetroExpandable&lid=LSTCAME3YQ46FSFRHKHROQ8NS,Effective Pixels: 20.2 MP,https://www.flipkart.com/canon-eos-7d-mark-ii-kit-ef-s18-135-mm-f3-5-5-6-stm-dslr-camera/p/itme3yq5ybesgkvz?pid=CAME3YQ46FSFRHKH&srno=b_1_37&otracker=CLP_MetroExpandable&lid=LSTCAME3YQ46FSFRHKHROQ8NS,Sensor Type: CMOS | LCD Size: 3 inch,https://www.flipkart.com/canon-eos-7d-mark-ii-kit-ef-s18-135-mm-f3-5-5-6-stm-dslr-camera/p/itme3yq5ybesgkvz?pid=CAME3YQ46FSFRHKH&srno=b_1_37&otracker=CLP_MetroExpandable&lid=LSTCAME3YQ46FSFRHKHROQ8NS,Max Shutter Speed: 1/8000,https://www.flipkart.com/canon-eos-7d-mark-ii-kit-ef-s18-135-mm-f3-5-5-6-stm-dslr-camera/p/itme3yq5ybesgkvz?pid=CAME3YQ46FSFRHKH&srno=b_1_37&otracker=CLP_MetroExpandable&lid=LSTCAME3YQ46FSFRHKHROQ8NS,2 Years Domestic Warranty
https://www.flipkart.com/cameras/pr?filterNone=true&sid=jek%2Cp31&p%5B%5D=facets.brand%255B%255D%3DCanon&otracker=CLP_MetroExpandable,Add to Compare\nCanon DSLR EOS 5DS R Body Body DSLR Camera\nBlack\n3.7★\n3.7\n★\n6 Ratings\n0 Reviews\n5\n★\n4\n4\n★\n0\n3\n★\n0\n2\n★\n0\n1\n★\n2\n6 Ratings & 0 Reviews\nEffective Pixels: 50.6 MP\nOptical Zoom: NA\nSensor Type: CMOS | LCD Size: 3.2 inch\nMax Shutter Speed: 1/8000 sec.\n2 Years Canon India Warranty and Free Transit Insurance\n₹249990,Canon DSLR EOS 5DS R Body Body DSLR Camera,https://www.flipkart.com/canon-dslr-eos-5ds-r-body-camera/p/itmegjqzzfssqssf?pid=CAMEGJQZKUZQRUQR&srno=b_1_38&otracker=CLP_MetroExpandable&lid=LSTCAMEGJQZKUZQRUQRRFAF35,Black,3.7,6 Ratings,https://www.flipkart.com/canon-dslr-eos-5ds-r-body-camera/p/itmegjqzzfssqssf?pid=CAMEGJQZKUZQRUQR&srno=b_1_38&otracker=CLP_MetroExpandable&lid=LSTCAMEGJQZKUZQRUQRRFAF35,0 Reviews,https://www.flipkart.com/canon-dslr-eos-5ds-r-body-camera/p/itmegjqzzfssqssf?pid=CAMEGJQZKUZQRUQR&srno=b_1_38&otracker=CLP_MetroExpandable&lid=LSTCAMEGJQZKUZQRUQRRFAF35,Effective Pixels: 50.6 MP,https://www.flipkart.com/canon-dslr-eos-5ds-r-body-camera/p/itmegjqzzfssqssf?pid=CAMEGJQZKUZQRUQR&srno=b_1_38&otracker=CLP_MetroExpandable&lid=LSTCAMEGJQZKUZQRUQRRFAF35,Optical Zoom: NA,https://www.flipkart.com/canon-dslr-eos-5ds-r-body-camera/p/itmegjqzzfssqssf?pid=CAMEGJQZKUZQRUQR&srno=b_1_38&otracker=CLP_MetroExpandable&lid=LSTCAMEGJQZKUZQRUQRRFAF35,Sensor Type: CMOS | LCD Size: 3.2 inch,https://www.flipkart.com/canon-dslr-eos-5ds-r-body-camera/p/itmegjqzzfssqssf?pid=CAMEGJQZKUZQRUQR&srno=b_1_38&otracker=CLP_MetroExpandable&lid=LSTCAMEGJQZKUZQRUQRRFAF35,2 Years Canon India Warranty and Free Transit Insurance,https://www.flipkart.com/canon-dslr-eos-5ds-r-body-camera/p/itmegjqzzfssqssf?pid=CAMEGJQZKUZQRUQR&srno=b_1_38&otracker=CLP_MetroExpandable&lid=LSTCAMEGJQZKUZQRUQRRFAF35
https://www.flipkart.com/cameras/pr?filterNone=true&sid=jek%2Cp31&p%5B%5D=facets.brand%255B%255D%3DCanon&otracker=CLP_MetroExpandable,Add to Compare\nCanon EOS 1200D (Body only) DSLR Camera\nBlack\n4.4★\n4.4\n★\n4133 Ratings\n866 Reviews\n5\n★\n2758\n4\n★\n916\n3\n★\n181\n2\n★\n80\n1\n★\n198\n4133 Ratings & 866 Reviews\nEffective Pixels: 18 MP\nSensor Type: CMOS | LCD Size: 3 inch\nMax Shutter Speed: 1/4000\nAuto Focus\n2 Years Canon India Warranty and Free Transit Insurance\n₹27990,Canon EOS 1200D (Body only) DSLR Camera,https://www.flipkart.com/canon-eos-1200d-body-only-dslr-camera/p/itmdugssgf4rq8az?pid=CAMDUGSSGF4RQ8AZ&srno=b_1_39&otracker=CLP_MetroExpandable&lid=LSTCAMDUGSSGF4RQ8AZHXWOXS,Black,4.4,4133 Ratings,https://www.flipkart.com/canon-eos-1200d-body-only-dslr-camera/p/itmdugssgf4rq8az?pid=CAMDUGSSGF4RQ8AZ&srno=b_1_39&otracker=CLP_MetroExpandable&lid=LSTCAMDUGSSGF4RQ8AZHXWOXS,866 Reviews,https://www.flipkart.com/canon-eos-1200d-body-only-dslr-camera/p/itmdugssgf4rq8az?pid=CAMDUGSSGF4RQ8AZ&srno=b_1_39&otracker=CLP_MetroExpandable&lid=LSTCAMDUGSSGF4RQ8AZHXWOXS,Effective Pixels: 18 MP,https://www.flipkart.com/canon-eos-1200d-body-only-dslr-camera/p/itmdugssgf4rq8az?pid=CAMDUGSSGF4RQ8AZ&srno=b_1_39&otracker=CLP_MetroExpandable&lid=LSTCAMDUGSSGF4RQ8AZHXWOXS,Sensor Type: CMOS | LCD Size: 3 inch,https://www.flipkart.com/canon-eos-1200d-body-only-dslr-camera/p/itmdugssgf4rq8az?pid=CAMDUGSSGF4RQ8AZ&srno=b_1_39&otracker=CLP_MetroExpandable&lid=LSTCAMDUGSSGF4RQ8AZHXWOXS,Max Shutter Speed: 1/4000,https://www.flipkart.com/canon-eos-1200d-body-only-dslr-camera/p/itmdugssgf4rq8az?pid=CAMDUGSSGF4RQ8AZ&srno=b_1_39&otracker=CLP_MetroExpandable&lid=LSTCAMDUGSSGF4RQ8AZHXWOXS,2 Years Canon India Warranty and Free Transit Insurance,https://www.flipkart.com/canon-eos-1200d-body-only-dslr-camera/p/itmdugssgf4rq8az?pid=CAMDUGSSGF4RQ8AZ&srno=b_1_39&otracker=CLP_MetroExpandable&lid=LSTCAMDUGSSGF4RQ8AZHXWOXS
https://www.flipkart.com/cameras/pr?filterNone=true&sid=jek%2Cp31&p%5B%5D=facets.brand%255B%255D%3DCanon&otracker=CLP_MetroExpandable,Add to Compare\nCanon EOS 100D (Body with 18-55 mm Lens) DSLR Camera\nBlack\n3.4★\n3.4\n★\n17 Ratings\n6 Reviews\n5\n★\n8\n4\n★\n2\n3\n★\n0\n2\n★\n3\n1\n★\n4\n17 Ratings & 6 Reviews\nEffective Pixels: 18 MP\nSensor Type: CMOS | LCD Size: 3 inch\nMax Shutter Speed: 1/4000\nAuto Focus\n2 Years Domestic Warranty\n₹40000,Canon EOS 100D (Body with 18-55 mm Lens) DSLR Camera,https://www.flipkart.com/canon-eos-100d-body-18-55-mm-lens-dslr-camera/p/itmduzgy63hbc5by?pid=CAMDK97FMMJRZNAF&srno=b_1_40&otracker=CLP_MetroExpandable&lid=LSTCAMDK97FMMJRZNAFOIN5FK,Black,3.4,17 Ratings,https://www.flipkart.com/canon-eos-100d-body-18-55-mm-lens-dslr-camera/p/itmduzgy63hbc5by?pid=CAMDK97FMMJRZNAF&srno=b_1_40&otracker=CLP_MetroExpandable&lid=LSTCAMDK97FMMJRZNAFOIN5FK,6 Reviews,https://www.flipkart.com/canon-eos-100d-body-18-55-mm-lens-dslr-camera/p/itmduzgy63hbc5by?pid=CAMDK97FMMJRZNAF&srno=b_1_40&otracker=CLP_MetroExpandable&lid=LSTCAMDK97FMMJRZNAFOIN5FK,Effective Pixels: 18 MP,https://www.flipkart.com/canon-eos-100d-body-18-55-mm-lens-dslr-camera/p/itmduzgy63hbc5by?pid=CAMDK97FMMJRZNAF&srno=b_1_40&otracker=CLP_MetroExpandable&lid=LSTCAMDK97FMMJRZNAFOIN5FK,Sensor Type: CMOS | LCD Size: 3 inch,https://www.flipkart.com/canon-eos-100d-body-18-55-mm-lens-dslr-camera/p/itmduzgy63hbc5by?pid=CAMDK97FMMJRZNAF&srno=b_1_40&otracker=CLP_MetroExpandable&lid=LSTCAMDK97FMMJRZNAFOIN5FK,Max Shutter Speed: 1/4000,https://www.flipkart.com/canon-eos-100d-body-18-55-mm-lens-dslr-camera/p/itmduzgy63hbc5by?pid=CAMDK97FMMJRZNAF&srno=b_1_40&otracker=CLP_MetroExpandable&lid=LSTCAMDK97FMMJRZNAFOIN5FK,2 Years Domestic Warranty,https://www.flipkart.com/canon-eos-100d-body-18-55-mm-lens-dslr-camera/p/itmduzgy63hbc5by?pid=CAMDK97FMMJRZNAF&srno=b_1_40&otracker=CLP_MetroExpandable&lid=LSTCAMDK97FMMJRZNAFOIN5FK
https://www.flipkart.com/cameras/pr?filterNone=true&sid=jek%2Cp31&p%5B%5D=facets.brand%255B%255D%3DCanon&otracker=CLP_MetroExpandable,Add to Compare\nCanon EOS 6D (Kit 24 - 105) DSLR Camera\nBlack\n3.7★\n3.7\n★\n43 Ratings\n8 Reviews\n5\n★\n26\n4\n★\n2\n3\n★\n1\n2\n★\n2\n1\n★\n12\n43 Ratings & 8 Reviews\nEffective Pixels: 20.2 MP\nLCD Size: 3 inch\n2 Years Canon India Warranty and Free Transit Insurance\n₹139995,https://www.flipkart.com/canon-eos-6d-kit-24-105-dslr-camera/p/itmdmhp8ehfjhdg7?pid=CAMDMHP8BURMVGWE&srno=b_1_41&otracker=CLP_MetroExpandable&lid=LSTCAMDMHP8BURMVGWECSMHD6,Canon EOS 6D (Kit 24 - 105) DSLR Camera,https://www.flipkart.com/canon-eos-6d-kit-24-105-dslr-camera/p/itmdmhp8ehfjhdg7?pid=CAMDMHP8BURMVGWE&srno=b_1_41&otracker=CLP_MetroExpandable&lid=LSTCAMDMHP8BURMVGWECSMHD6,https://www.flipkart.com/canon-eos-6d-kit-24-105-dslr-camera/p/itmdmhp8ehfjhdg7?pid=CAMDMHP8BURMVGWE&srno=b_1_41&otracker=CLP_MetroExpandable&lid=LSTCAMDMHP8BURMVGWECSMHD6,https://www.flipkart.com/canon-eos-6d-kit-24-105-dslr-camera/p/itmdmhp8ehfjhdg7?pid=CAMDMHP8BURMVGWE&srno=b_1_41&otracker=CLP_MetroExpandable&lid=LSTCAMDMHP8BURMVGWECSMHD6,43 Ratings,https://www.flipkart.com/canon-eos-6d-kit-24-105-dslr-camera/p/itmdmhp8ehfjhdg7?pid=CAMDMHP8BURMVGWE&srno=b_1_41&otracker=CLP_MetroExpandable&lid=LSTCAMDMHP8BURMVGWECSMHD6,8 Reviews,https://www.flipkart.com/canon-eos-6d-kit-24-105-dslr-camera/p/itmdmhp8ehfjhdg7?pid=CAMDMHP8BURMVGWE&srno=b_1_41&otracker=CLP_MetroExpandable&lid=LSTCAMDMHP8BURMVGWECSMHD6,Effective Pixels: 20.2 MP,https://www.flipkart.com/canon-eos-6d-kit-24-105-dslr-camera/p/itmdmhp8ehfjhdg7?pid=CAMDMHP8BURMVGWE&srno=b_1_41&otracker=CLP_MetroExpandable&lid=LSTCAMDMHP8BURMVGWECSMHD6,LCD Size: 3 inch,https://www.flipkart.com/canon-eos-6d-kit-24-105-dslr-camera/p/itmdmhp8ehfjhdg7?pid=CAMDMHP8BURMVGWE&srno=b_1_41&otracker=CLP_MetroExpandable&lid=LSTCAMDMHP8BURMVGWECSMHD6,2 Years Canon India Warranty and Free Transit Insurance,https://www.flipkart.com/canon-eos-6d-kit-24-105-dslr-camera/p/itmdmhp8ehfjhdg7?pid=CAMDMHP8BURMVGWE&srno=b_1_41&otracker=CLP_MetroExpandable&lid=LSTCAMDMHP8BURMVGWECSMHD6,
https://www.flipkart.com/cameras/pr?filterNone=true&sid=jek%2Cp31&p%5B%5D=facets.brand%255B%255D%3DCanon&otracker=CLP_MetroExpandable,Add to Compare\nCanon PowerShot G1 X Point & Shoot Camera\n3.2★\n3.2\n★\n9 Ratings\n0 Reviews\n5\n★\n5\n4\n★\n0\n3\n★\n0\n2\n★\n0\n1\n★\n4\n9 Ratings & 0 Reviews\nEffective Pixels: 14.3 MP\nOptical Zoom: 4 | Digital Zoon: 4x\nSensor Type: CMOS | LCD Size: 3 inch\nMax Shutter Speed: 1/4000\nAuto Focus\n2 Years Canon India Warranty and Free Transit Insurance\n₹45990,Canon PowerShot G1 X Point & Shoot Camera,https://www.flipkart.com/canon-powershot-g1-x-point-shoot-camera/p/itmd7pzvarehzbey?pid=CAMD7PZUAZFJZAEB&srno=b_1_42&otracker=CLP_MetroExpandable&lid=LSTCAMD7PZUAZFJZAEB9Z10RD,,3.2,9 Ratings,https://www.flipkart.com/canon-powershot-g1-x-point-shoot-camera/p/itmd7pzvarehzbey?pid=CAMD7PZUAZFJZAEB&srno=b_1_42&otracker=CLP_MetroExpandable&lid=LSTCAMD7PZUAZFJZAEB9Z10RD,0 Reviews,https://www.flipkart.com/canon-powershot-g1-x-point-shoot-camera/p/itmd7pzvarehzbey?pid=CAMD7PZUAZFJZAEB&srno=b_1_42&otracker=CLP_MetroExpandable&lid=LSTCAMD7PZUAZFJZAEB9Z10RD,Effective Pixels: 14.3 MP,https://www.flipkart.com/canon-powershot-g1-x-point-shoot-camera/p/itmd7pzvarehzbey?pid=CAMD7PZUAZFJZAEB&srno=b_1_42&otracker=CLP_MetroExpandable&lid=LSTCAMD7PZUAZFJZAEB9Z10RD,Optical Zoom: 4 | Digital Zoon: 4x,https://www.flipkart.com/canon-powershot-g1-x-point-shoot-camera/p/itmd7pzvarehzbey?pid=CAMD7PZUAZFJZAEB&srno=b_1_42&otracker=CLP_MetroExpandable&lid=LSTCAMD7PZUAZFJZAEB9Z10RD,Sensor Type: CMOS | LCD Size: 3 inch,https://www.flipkart.com/canon-powershot-g1-x-point-shoot-camera/p/itmd7pzvarehzbey?pid=CAMD7PZUAZFJZAEB&srno=b_1_42&otracker=CLP_MetroExpandable&lid=LSTCAMD7PZUAZFJZAEB9Z10RD,Auto Focus,https://www.flipkart.com/canon-powershot-g1-x-point-shoot-camera/p/itmd7pzvarehzbey?pid=CAMD7PZUAZFJZAEB&srno=b_1_42&otracker=CLP_MetroExpandable&lid=LSTCAMD7PZUAZFJZAEB9Z10RD
